ward_id,ward_name,city,year,month,composite_score,safety_score,aqi_score,civic_score,transit_score,green_score,affordability_score
3,Atturu,Bengaluru,2021,3,54.29420178192215,63.75441287697106,51.08713352192496,62.135132885464415,59.53974682181266,60.190427852755114,54.37331457507791
3,Atturu,Bengaluru,2022,3,56.779482286319954,50.684342042280846,63.45304574416511,52.39492953513707,37.752120943578106,59.68892820446331,47.09280266853142
3,Atturu,Bengaluru,2023,3,61.39359111815719,69.69087892256616,57.49835212582052,51.70272344873454,78.5263336216662,59.957274084503474,75.39323568946728
3,Atturu,Bengaluru,2024,3,60.384399902804915,56.27337774419663,56.937331760862676,67.40713333314206,53.06128010905602,53.774254836526765,62.08843777655542
17,Chikkasandra,Bengaluru,2021,3,84.74244175519597,86.14366515698327,72.65773656831902,87.04258628917937,100.0,77.54412205992645,85.29233132610807
17,Chikkasandra,Bengaluru,2022,3,85.18982996598828,89.13014478589363,91.26435248560156,82.37965299038339,76.93350373656801,91.37705307555855,94.4932318063637
17,Chikkasandra,Bengaluru,2023,3,86.91454931401094,87.1413972912297,86.96003815462693,92.88045289334644,92.91310654512155,90.95388685916501,95.78832939709397
17,Chikkasandra,Bengaluru,2024,3,81.16209535696159,78.67375440976046,68.98155355218765,82.72769817688507,62.59978630883127,80.47405571961079,82.44143439818889
15,Kammagondanahalli,Bengaluru,2021,3,73.84805998720333,64.45806498598432,59.96850564967976,80.3000712003965,68.25568564365385,66.38927024024102,74.51535778884747
15,Kammagondanahalli,Bengaluru,2022,3,70.09793765648165,72.55574717286166,57.65836160629469,61.131572079853804,71.35212291920757,70.91064008868378,74.22083470142785
15,Kammagondanahalli,Bengaluru,2023,3,77.69824817613856,78.02425514216247,72.38694236437594,83.60197207151263,68.53153822662154,76.47767659025129,65.05193961640654
15,Kammagondanahalli,Bengaluru,2024,3,77.56621152829247,84.28581393853659,83.44543771110341,75.74527041657787,64.4979843311263,70.69495238171419,70.07349847323033
16,Mallasandra,Bengaluru,2021,3,69.08559101586727,72.28953855022189,62.48360792424555,78.18289662913115,78.601467683698,70.17267206609527,72.43721340289784
16,Mallasandra,Bengaluru,2022,3,64.41694168387822,61.536395256903454,72.1523249978093,54.70481145647334,49.05984730415487,55.336994524313276,50.63880575344733
16,Mallasandra,Bengaluru,2023,3,68.97621038266689,68.4596869644134,56.911235202196934,68.80852788500354,67.91508121388952,62.440247780867196,66.99175985980608
16,Mallasandra,Bengaluru,2024,3,68.09813276938881,70.80000578674169,54.45725306255015,65.59038506191824,73.13252939795827,68.16085794099057,78.79282800503847
18,Bagalakunte,Bengaluru,2021,3,43.65018309072394,35.06155803873254,47.92276143691341,34.18040930155638,47.08120634166247,52.454787919223094,45.91440842700031
18,Bagalakunte,Bengaluru,2022,3,48.453721004333175,47.618778814163505,49.82222468381123,57.28301717986368,43.89782651636415,57.67753228081146,60.61424026301509
18,Bagalakunte,Bengaluru,2023,3,42.714451828661296,34.73001185620983,28.26110659820779,34.60331104377987,50.03472276531557,34.138224797865874,37.283720737474134
18,Bagalakunte,Bengaluru,2024,3,42.2535581772679,48.54292782904662,35.709201420469896,34.616854729701025,50.12304479183392,44.832415112865576,53.57771858307949
19,T Dasarahalli,Bengaluru,2021,3,50.0545627189776,45.69525417040373,40.37774903236928,55.06685775179477,62.32795228966816,59.864665558991064,47.43309302632039
19,T Dasarahalli,Bengaluru,2022,3,49.783883022549084,46.59995382760944,62.70660279065602,56.95213805940932,46.943644117549816,54.80130437837903,57.420169245089554
19,T Dasarahalli,Bengaluru,2023,3,51.04528248192479,51.15032993088193,60.839006465157034,47.44627450253702,66.8662116217728,48.82931605660805,36.37041202633374
19,T Dasarahalli,Bengaluru,2024,3,42.932620182990455,39.318892934798754,56.4344791945146,51.94476312174157,45.870135707921904,45.56936442638644,41.38598584234005
37,Peenya,Bengaluru,2021,3,40.90040800126813,44.3507771228089,48.47164388439853,46.731988875785106,52.48513371305029,32.72453006224194,40.733017142345574
37,Peenya,Bengaluru,2022,3,43.10905137080633,41.93966139827387,54.74017685355532,40.1273516218479,27.791732027910562,35.968885011863044,50.95437032233049
37,Peenya,Bengaluru,2023,3,38.62498930879688,30.307125431096825,44.65406325257048,30.08024943608075,51.49939168041113,42.7498338519268,26.06545272805387
37,Peenya,Bengaluru,2024,3,47.48015833258073,44.96557424770313,43.59942274458746,53.73614967773078,65.37010142793508,57.200179609038145,55.081503890348976
20,Nalagadarenahalli,Bengaluru,2021,3,74.81293372685877,80.35587204540751,76.56506121893293,73.2973739117983,91.06710913064822,67.0368833729818,74.59168685558456
20,Nalagadarenahalli,Bengaluru,2022,3,78.66453297981334,69.79059849345009,67.22907046785551,71.01505791535544,84.6329450644559,83.58543056512181,81.16559593272814
20,Nalagadarenahalli,Bengaluru,2023,3,77.72663235510913,73.44087408074634,88.78460620079294,72.19854912549819,96.25553393273358,67.96972184890546,91.8229971563383
20,Nalagadarenahalli,Bengaluru,2024,3,82.8893576968528,83.4433798785788,97.6783015804318,74.36528899156077,85.04352907290563,92.27540840923479,83.58229302195727
21,Chokkasandra,Bengaluru,2021,3,69.00766241829056,68.09848371364603,72.83440482081247,70.69394865675257,85.05398283793012,59.916590025119724,62.436558106057475
21,Chokkasandra,Bengaluru,2022,3,70.95281336735356,70.06594842306782,74.55679130139966,66.50043702697621,58.47765975630401,70.2267814661532,66.55338020813514
21,Chokkasandra,Bengaluru,2023,3,62.82752189809425,72.31541805141758,77.41384423248233,66.79075617848915,64.27137655185906,59.018074223820804,72.2413724893027
21,Chokkasandra,Bengaluru,2024,3,63.67634492189331,71.89488861177016,73.35246220958838,72.6723431877318,72.70512525742771,65.9446488406091,61.22363601061188
67,Ganga Nagar,Bengaluru,2021,3,75.52390489582613,66.42827829794993,61.314914130743695,73.05317223338713,87.94603812709946,85.26942748212502,65.03641162893197
67,Ganga Nagar,Bengaluru,2022,3,70.67217456713226,80.07046252342433,80.93574226120352,77.43874866135502,69.41990095893107,68.96856461388556,63.87438672505345
67,Ganga Nagar,Bengaluru,2023,3,75.51048976337259,81.76850994597415,90.5020199619565,85.4432265048507,77.72775798747769,80.8902380669828,88.85346165984544
67,Ganga Nagar,Bengaluru,2024,3,69.33674701825403,68.3476297244559,58.21152947279888,78.41776756342847,73.58373239628924,63.90960312832328,74.48776755042974
22,Peenya Industrial Area,Bengaluru,2021,3,39.50792942363952,31.779081267632098,44.6551252914235,39.914083441715384,50.400665093065086,39.91119944587938,50.073374433195724
22,Peenya Industrial Area,Bengaluru,2022,3,41.53568195866497,49.06875401183187,38.640167945036886,34.215986527677785,22.686989011198534,46.638427072137354,45.14496849926891
22,Peenya Industrial Area,Bengaluru,2023,3,38.05594385840022,30.783373370135614,23.492283828436676,35.06769503453216,41.65265133258554,35.90082476039487,36.18019151911209
22,Peenya Industrial Area,Bengaluru,2024,3,39.40885691354411,39.68864669674033,47.91844729577841,37.33971255996951,44.29232492265905,46.656131088479015,52.89447562327338
23,Rajagopal Nagar,Bengaluru,2021,3,87.91181959890469,87.75414546049545,80.65915124787344,87.09453472366991,100.0,87.76418147876208,82.77436790752994
23,Rajagopal Nagar,Bengaluru,2022,3,81.04739953507168,72.56466609724495,69.91379119239116,73.60831631422712,67.12350727556345,73.82394298805988,85.27364187916811
23,Rajagopal Nagar,Bengaluru,2023,3,82.10261618052837,90.0383843786486,81.32146538841454,85.45377095094892,68.99541102859357,75.9483965567018,68.32867466852274
23,Rajagopal Nagar,Bengaluru,2024,3,81.43184673760933,74.97205642314427,69.09292275032101,73.84456415962136,79.86299745891836,75.55852110572519,77.3599425690516
63,Hebbala,Bengaluru,2021,3,79.36386712231263,70.15010991913461,88.3461790895839,81.92187491213079,62.6342284002675,86.83543960444817,91.99003913826702
63,Hebbala,Bengaluru,2022,3,75.228695317491,81.35272091335223,82.67648602900076,68.91911570461855,63.60266825095941,72.63813737331864,74.76438487322164
63,Hebbala,Bengaluru,2023,3,76.1490552317167,75.39974955437967,83.5731833757294,66.88271928952867,66.24653300547753,80.41604694940776,88.00526036233268
63,Hebbala,Bengaluru,2024,3,77.78105368867213,69.92449391546765,76.20342469337577,78.43339901777259,67.47987383406132,73.16591830765975,74.09957858181082
24,Hegganahalli,Bengaluru,2021,3,47.77605163635421,42.0050117762851,42.60097220169165,40.17129427273923,63.39714286595001,49.647900707435184,53.149121210688904
24,Hegganahalli,Bengaluru,2022,3,49.539681969813,41.27808773156148,50.65287822436944,51.27650433023059,59.357260937186204,48.172872894406595,38.367091053679914
24,Hegganahalli,Bengaluru,2023,3,48.18608294450878,51.104427771140806,50.309432084576144,45.308017462465706,67.64669289622796,50.30157933164652,40.302886696588615
24,Hegganahalli,Bengaluru,2024,3,46.08385137236575,41.003005940055914,35.90429257015242,39.815191853391866,37.48765812011963,39.551323278260845,57.98681411115851
25,Sunkadakatte,Bengaluru,2021,3,48.427237420022074,46.635173959815305,62.89859592728027,40.66801546338312,44.341461381851744,57.816646085529456,59.39245119684148
25,Sunkadakatte,Bengaluru,2022,3,45.76115179476893,39.17890354257025,50.82044839250186,54.348671577320644,48.03166751532612,47.193405584166925,39.16052460457745
25,Sunkadakatte,Bengaluru,2023,3,45.05256100989476,41.52614573797963,42.81565416838726,45.204768583583856,34.74895030649797,37.34929750467883,48.37116228314373
25,Sunkadakatte,Bengaluru,2024,3,48.994505738545655,42.0817600440297,48.42870879419018,49.64629438957737,31.067447211442733,45.72659130242407,38.02694604671488
26,Dodda Bidarakallu,Bengaluru,2021,3,53.152805267303975,49.59988216679844,62.44903864294302,48.24561836257925,60.412914156261145,58.35736246509771,56.02196748553931
26,Dodda Bidarakallu,Bengaluru,2022,3,47.37161208487721,44.34897741573712,60.25748641231199,53.9840002406318,65.97268851153771,39.85755655458811,54.29763634098654
26,Dodda Bidarakallu,Bengaluru,2023,3,45.06553360506113,36.39545895239668,52.2991530837629,46.55499586865936,58.73868467539201,37.86098113758692,53.92355296085783
26,Dodda Bidarakallu,Bengaluru,2024,3,44.88976237206157,38.17507833068143,54.32700397900303,48.19370678598557,45.81237936282634,42.06637205453162,56.20577859645482
30,Nagadevanahalli,Bengaluru,2021,3,56.85689532789496,55.63959349929933,53.165228210642184,56.11049104128709,48.91201029446064,61.80908293141998,56.938507030669335
30,Nagadevanahalli,Bengaluru,2022,3,57.686646665924876,55.364471093389106,58.99323249934453,65.81608888521582,62.65616650248456,50.02460748009216,70.88161037432913
30,Nagadevanahalli,Bengaluru,2023,3,52.03995707975005,44.8253985330178,60.860712757858934,54.44141219832032,53.37840075880291,59.9178087407692,60.697873416485976
30,Nagadevanahalli,Bengaluru,2024,3,51.80812161113467,46.77790440742399,59.12651038831498,42.47877030585026,54.603709005987334,57.05729532594849,63.11109071398715
27,Lingadheeranahalli,Bengaluru,2021,3,66.82661247017083,59.039247209274976,77.22018122220638,59.376385716810475,62.71810409258552,72.7725197857619,56.32413529063405
27,Lingadheeranahalli,Bengaluru,2022,3,65.83656510738138,70.23729583830286,70.0709940939403,69.71553399672338,67.54554284128523,60.87254628552043,61.20744491249896
27,Lingadheeranahalli,Bengaluru,2023,3,67.69854503678698,69.3663809321094,64.72408753969617,66.93866110966964,85.5898786212596,60.765573099108586,70.2854399972909
27,Lingadheeranahalli,Bengaluru,2024,3,64.72858177779719,55.090785454214,75.89229904612174,73.37094742746943,67.33390912136555,68.66159825533504,77.40356321311606
28,Herohalli,Bengaluru,2021,3,55.96291626803782,57.48868347137409,59.1643676595235,54.44552969408554,65.42068569302674,64.65025656341811,68.72997165524112
28,Herohalli,Bengaluru,2022,3,55.569906297302765,65.26673027654945,65.73684889068079,48.063159921368104,72.40358160199766,62.967833538545335,56.135048011084926
28,Herohalli,Bengaluru,2023,3,58.42755287759651,49.522785654037136,53.48347012697354,64.48462184955673,38.612833797780624,55.0975363114194,55.37261368532481
28,Herohalli,Bengaluru,2024,3,63.63608200302282,60.56300189034204,59.04467805990965,68.38610696521779,61.72479963861511,58.12817846182246,62.20926748700362
29,Ullalu,Bengaluru,2021,3,49.86918117397412,49.83653662876371,47.43694465911056,58.166099195336116,44.36493713863945,51.48094817953499,53.837109811560026
29,Ullalu,Bengaluru,2022,3,54.74068502907899,48.30140436647402,68.57279455316265,47.71393958414125,51.32564997815994,46.447678390651866,69.64691258445741
29,Ullalu,Bengaluru,2023,3,54.05916148211232,45.400691029880875,61.55797559408766,48.257273344024036,69.98133305974088,48.161954291752465,44.779793102022325
29,Ullalu,Bengaluru,2024,3,52.82598076001188,54.12280342526421,39.79723994286245,58.336533093912095,50.95753414993298,53.31378614656348,51.048863168158725
35,Yeshwanthpura,Bengaluru,2021,3,68.12978357558926,61.23458849420351,58.58762749044739,75.3654959958596,85.97440206093457,65.59596990118432,61.252123769895874
35,Yeshwanthpura,Bengaluru,2022,3,66.62072197348805,57.12844908669494,56.305299894473755,70.940166550436,72.9776796498941,57.16264182355771,58.27988683147653
35,Yeshwanthpura,Bengaluru,2023,3,69.25230769849436,59.64651845358165,57.37556515803158,75.25062940595815,56.39409418066771,72.30722985553186,61.397791129896156
35,Yeshwanthpura,Bengaluru,2024,3,64.96510217250162,69.4104408096148,75.63599621569018,71.56949946384145,60.85244335723981,68.32680490391454,56.11463103497624
31,Bande Mutt,Bengaluru,2021,3,50.24058191455308,40.5006203847678,37.805837840187124,44.39830701747363,31.30187006950587,43.869290616349026,52.731828743643845
31,Bande Mutt,Bengaluru,2022,3,50.203940840111635,56.55281207488045,45.45846139104791,45.39240950873749,45.39163716680231,52.00983969040779,43.24585006479792
31,Bande Mutt,Bengaluru,2023,3,45.37134025125429,46.4122838682939,43.455136125313786,41.26065544209264,63.30947252974055,50.64345613444951,34.57473552424786
31,Bande Mutt,Bengaluru,2024,3,46.15153571183702,54.04258024971885,55.147193390256476,44.65580580122169,27.050308044641717,41.525082899535946,47.400562151663024
36,Jalahalli,Bengaluru,2021,3,50.72538603841684,43.512507519873324,60.773293142395815,60.413429652487885,51.752993330524276,44.158971755382915,43.894605833997915
36,Jalahalli,Bengaluru,2022,3,57.28949724968981,49.64451890749263,59.584991515117416,52.77060166343393,59.456617350321544,60.317905016727096,67.18175136090585
36,Jalahalli,Bengaluru,2023,3,48.25646747066963,40.99418007204577,60.257026726112784,55.73426902191993,52.152991557481954,50.2668046793427,53.207567707057294
36,Jalahalli,Bengaluru,2024,3,57.290628643334415,55.66603914117588,53.78478449081934,57.66898274899117,39.169267314336615,50.616296018456005,64.43163713612553
52,Shakthi Ganapathi Nagar,Bengaluru,2021,3,57.51780404288001,52.42478623650643,54.196672464139304,53.291678778294006,51.74471270147797,61.89872214656492,51.43145551157526
52,Shakthi Ganapathi Nagar,Bengaluru,2022,3,56.246786970207125,59.52021027746009,69.35167914994986,60.89822891441213,44.8444021138374,46.87044967143282,49.11470829920188
52,Shakthi Ganapathi Nagar,Bengaluru,2023,3,52.000541083058636,51.92786602708336,54.90582655056531,48.68541889939785,62.83702923289151,44.13250614573407,39.2546745351329
52,Shakthi Ganapathi Nagar,Bengaluru,2024,3,56.44119611027811,60.209244038832836,54.4860162683905,51.36923677506025,69.2052888172461,62.429513689657696,62.282090235910914
32,Kengeri,Bengaluru,2021,3,61.42545595845749,58.64493389725803,49.172918158256515,69.77172746770235,46.89820119521595,70.43020303487354,59.805629147196164
32,Kengeri,Bengaluru,2022,3,60.942158763550204,68.40107548107837,67.90890535583704,67.0733817207792,67.2934934319789,64.78769005390726,71.41802831050978
32,Kengeri,Bengaluru,2023,3,60.417398926198025,54.841587762590066,75.04743916609743,69.29858571993029,41.994471380938265,64.5289023765118,73.174848448668
32,Kengeri,Bengaluru,2024,3,61.20260159529292,69.51236754705376,47.22098095286688,65.15100694022972,53.09656189019495,69.69052550282353,75.33434895025395
33,Hemmigepura,Bengaluru,2021,3,75.07506042926025,82.31591344904652,85.41154238531236,71.45706989412535,88.23167939528734,65.8152131235701,77.96315678372184
33,Hemmigepura,Bengaluru,2022,3,71.5385871204584,63.07765115304258,77.42725039680259,68.33608639581972,80.52925798160886,62.84571393643725,65.99729725537671
33,Hemmigepura,Bengaluru,2023,3,78.24014991107525,74.61519996971664,82.01689120418553,85.95970487579899,82.87467743836743,72.89933940614793,63.97217335777139
33,Hemmigepura,Bengaluru,2024,3,70.54561237118948,78.03964582487347,71.41372639200584,79.3269663414474,82.49694180213609,80.50429458185623,66.06696683474078
34,JP Park,Bengaluru,2021,3,48.00462933321861,47.60214173929678,51.82979322976971,55.47817161694539,67.36796810119041,53.37009761050898,45.53763279823862
34,JP Park,Bengaluru,2022,3,51.3611432130151,46.13668612838114,39.675366606956935,48.45358636583063,42.85070287917837,47.2873056221349,43.369375744512396
34,JP Park,Bengaluru,2023,3,44.16405954446032,53.91850733918095,41.997253556536194,41.850592487653955,51.34995085218311,38.52913730176161,57.66289506296708
34,JP Park,Bengaluru,2024,3,44.87943022024878,43.23104573594735,56.25297944711372,53.77407066607698,43.57549067024357,47.14765800446293,34.89044860301104
41,Kottegepalya,Bengaluru,2021,3,60.45726674244696,69.31190222514948,64.94666621221802,62.612002640024144,60.964807183107304,55.07066297680213,50.75310770261221
41,Kottegepalya,Bengaluru,2022,3,60.00493235005507,65.59662182139013,55.50869012505697,51.161785881323,78.76903755568753,67.68065004932359,72.83750084591146
41,Kottegepalya,Bengaluru,2023,3,59.879502220807396,57.80434259886057,67.62665649193013,63.79991458188324,46.0353384744016,66.19616472061975,51.61271937590722
41,Kottegepalya,Bengaluru,2024,3,63.510293957546665,65.36909265438072,65.912880192681,55.34003070550176,78.60872846276189,58.82229480932079,52.39574159603079
53,Vrisabhavathi Nagar,Bengaluru,2021,3,71.21517058108944,78.45772292639845,80.50065282283578,74.32001019386988,73.24946540545501,62.95490577931764,68.46876697321039
53,Vrisabhavathi Nagar,Bengaluru,2022,3,64.25619343639517,68.72459571016687,64.13246548875829,55.877117754548124,53.06352151438762,67.92136870958709,51.54011922110417
53,Vrisabhavathi Nagar,Bengaluru,2023,3,66.61012086893166,66.22185241546462,69.38235440871719,73.10374018743464,60.52248918501938,70.17044392011293,68.58207978880539
53,Vrisabhavathi Nagar,Bengaluru,2024,3,70.44495546234349,76.39347589448205,75.19851050209625,77.45659004422832,85.13672350073558,74.61221499664418,80.55535531325364
70,Kushal Nagar,Bengaluru,2021,3,43.891676290002906,46.26390385430659,51.47317547673214,37.06377839586438,59.12650665796004,51.32854684490755,29.76909478103968
70,Kushal Nagar,Bengaluru,2022,3,38.378967247134355,35.081344332317194,45.684214935882586,31.594165168100517,51.09764821189684,45.021650806289195,38.60299925995944
70,Kushal Nagar,Bengaluru,2023,3,39.96064990414903,42.29918827166387,54.396235244971734,42.59692044448239,30.35279314671542,42.64076396614126,41.16021129562469
70,Kushal Nagar,Bengaluru,2024,3,38.16007496066948,43.38063301071004,39.39807232095279,47.41991503784938,31.83496160221693,40.81251282334844,51.12091812597001
42,Srigandhadakaval,Bengaluru,2021,3,71.71180320792924,75.4695176539455,58.746914981084394,67.73107454686556,80.0386867537405,63.05881523730467,74.17691701321743
42,Srigandhadakaval,Bengaluru,2022,3,68.54867351323949,59.46351418948975,79.69477769781078,78.01845289678744,87.30378772466716,73.54171014809799,57.45126071715845
42,Srigandhadakaval,Bengaluru,2023,3,62.585387500152734,53.02785853073268,57.29369407463897,62.358251308246054,73.40168421246446,66.25129503228284,60.962468691455186
42,Srigandhadakaval,Bengaluru,2024,3,72.31076333714184,70.8343893818613,70.8523740670321,65.58323976097522,84.10314528713901,76.18440785277161,63.93385172080465
54,Mattikere,Bengaluru,2021,3,49.478578586675255,52.56880287229796,42.67636439662154,58.49584983168346,35.520894257911266,48.125274607527295,62.78705619170322
54,Mattikere,Bengaluru,2022,3,49.058845042568976,47.01073300182486,42.28530111302908,58.73839800176554,45.4322052951707,56.94082911615166,40.957483219301565
54,Mattikere,Bengaluru,2023,3,42.98492639477323,46.018262902290935,39.040716706486066,50.27209139156597,41.91332266243552,52.34879495306767,33.55069186586687
54,Mattikere,Bengaluru,2024,3,50.43955409384554,55.85799098672658,60.783050937352165,55.660033912705515,55.48836695910215,43.064451647493286,36.41533947858309
55,Malleswaram,Bengaluru,2021,3,44.09382482954496,50.02457064906848,43.53949537492146,36.439988608792845,29.101256517646974,47.805130574124384,42.00300167652884
55,Malleswaram,Bengaluru,2022,3,42.843267151751945,34.12744589325463,45.30240920918391,38.2231352404539,54.745631177239474,39.05050633022342,41.49987162420598
55,Malleswaram,Bengaluru,2023,3,38.65179056228317,36.50166169041687,38.049955603796874,40.65220152466924,30.318293710655297,42.55142828481402,49.4554624779593
55,Malleswaram,Bengaluru,2024,3,38.32350993782115,37.93364888297773,26.471415290366394,33.1644102550717,57.79001366850701,31.173420795851413,38.29015454136183
43,Malathalli,Bengaluru,2021,3,84.72449888184103,85.91747255157931,70.01762430441654,81.25372504672086,85.43296461722949,76.4818288647377,80.24330681811645
43,Malathalli,Bengaluru,2022,3,78.48563414795021,76.42409967198213,67.46710676924202,79.83645111318137,86.06423291344083,84.49736813013186,69.49014147529451
43,Malathalli,Bengaluru,2023,3,78.74552757974399,81.47413257061673,84.93979937435103,69.37725047625683,96.1940174294916,69.78495325277345,79.98441763877611
43,Malathalli,Bengaluru,2024,3,86.40954041386085,90.69127905650942,95.46138290595461,83.19854426471697,99.00254496372133,78.01183734155435,98.25404009567669
44,Jnana Bharathi ward,Bengaluru,2021,3,86.6264191879801,85.6727848783461,90.93375004387585,87.15447240670237,95.89000005819338,78.25901882859189,73.43698170769702
44,Jnana Bharathi ward,Bengaluru,2022,3,80.04888828948705,87.48455962133109,71.62530791022839,89.56619340586968,73.52471996033132,73.69124660326104,88.73984350376142
44,Jnana Bharathi ward,Bengaluru,2023,3,83.43539865288656,84.54266967163919,90.01145200105448,78.00449347951253,100.0,92.93126189582222,87.94516924329467
44,Jnana Bharathi ward,Bengaluru,2024,3,85.25572391266809,76.69969209225161,71.17529897884228,80.40938168289236,83.76064218224074,92.6211740208357,92.07079600565733
45,Rajarajeshwari Nagar,Bengaluru,2021,3,75.6328140097215,72.55151386066076,71.76397689925957,85.38580528444265,57.2371816662208,82.97344393217047,77.9930762668933
45,Rajarajeshwari Nagar,Bengaluru,2022,3,78.63045726939211,78.36383609788616,89.83315441184193,86.64449454961728,75.49929434433032,74.16701321409315,81.40096712719298
45,Rajarajeshwari Nagar,Bengaluru,2023,3,73.48450255529742,75.94383422656708,77.43130915807305,78.14676300360304,58.74720996038782,77.8010018489392,85.75547817526666
45,Rajarajeshwari Nagar,Bengaluru,2024,3,73.75331391447953,83.18121579531233,64.18262249576424,80.84101578187112,73.44442817240093,68.69793540254308,84.87581095265487
51,Shankar Matt,Bengaluru,2021,3,53.855793152098585,51.040460540093896,56.64431869514641,47.12627060379904,49.49905461816901,63.244039598804335,46.599796133132415
51,Shankar Matt,Bengaluru,2022,3,51.95952025504863,57.42898276878064,40.885730076599124,61.35594115661952,50.1111019103942,46.68052952197791,39.16442267494901
51,Shankar Matt,Bengaluru,2023,3,53.905359098361856,50.64542262698758,63.77186007484014,52.52310957159797,43.853930001867056,56.24825883044246,60.10867560492523
51,Shankar Matt,Bengaluru,2024,3,50.383811775684855,41.11724031435571,57.475872227654065,53.65990232812096,49.369046805677414,57.2672207550688,59.55391636418645
71,Muneshwara Nagar,Bengaluru,2021,3,48.07795793541986,42.194782136155226,36.435546517351696,43.472950165759656,30.361432178992455,48.7013484954405,61.176128704268706
71,Muneshwara Nagar,Bengaluru,2022,3,40.61634427038754,39.66032483605625,53.632594796224694,36.939466369922556,40.90573661792324,31.447801451395385,30.06664029925021
71,Muneshwara Nagar,Bengaluru,2023,3,49.04643209464773,39.14523171333592,62.6007856573449,51.828830850957736,63.76316387544861,48.14122920732491,49.514312952025236
71,Muneshwara Nagar,Bengaluru,2024,3,46.063887705748314,38.856912800874575,31.963095401928655,42.22248653757213,54.251118215214184,40.10095674820728,51.26686070549583
56,Aramane Nagara,Bengaluru,2021,3,66.72949335094124,70.18153571544377,65.04199993007838,74.09233843849134,53.815484928836675,70.58201239546453,76.87295204038455
56,Aramane Nagara,Bengaluru,2022,3,72.62296647594351,72.56646175611206,76.15838368197993,80.00106616551787,75.4473563414967,63.23070766988025,85.55142734115284
56,Aramane Nagara,Bengaluru,2023,3,72.55562005081953,66.86912309877387,77.32218415779924,70.4329081639027,78.60493913247922,64.68748065697935,77.29097918891061
56,Aramane Nagara,Bengaluru,2024,3,66.27260658165262,75.81609026607897,63.47984540333874,73.68767558839781,77.56802594398357,67.61293180138598,73.42608285919242
57,Rajamahal Guttahalli,Bengaluru,2021,3,58.848265434792395,55.38892866605717,63.87606700169994,65.00518427361757,69.33967082585703,64.80453841196508,56.91576487918039
57,Rajamahal Guttahalli,Bengaluru,2022,3,56.00895277198815,56.89873473120514,41.181712586931795,52.50066936999355,50.66741416684407,53.93240660417326,61.87296897268401
57,Rajamahal Guttahalli,Bengaluru,2023,3,59.293798444507374,54.04468106199393,55.49135219338758,53.8391909897704,42.221635395245116,61.362770312134934,64.34018240115786
57,Rajamahal Guttahalli,Bengaluru,2024,3,59.441802656287784,57.03751825987238,70.34181214344254,59.823438359012144,58.609077761477025,49.9546439724165,54.67923748507248
60,Gayithri Nagar,Bengaluru,2021,3,44.479948376984055,46.0833957615307,45.488024778790404,46.63805023285295,55.075278838669185,50.739663151305926,51.02364066377889
60,Gayithri Nagar,Bengaluru,2022,3,40.674046394778664,34.58960610844959,25.900932644122925,43.62354067787072,56.59526835277814,35.54369232630465,53.48508273866786
60,Gayithri Nagar,Bengaluru,2023,3,49.83608083607019,46.86853458086288,37.878705689546685,49.5535160197967,40.107143544890505,45.53353887530864,44.054779783858784
60,Gayithri Nagar,Bengaluru,2024,3,45.88333333476759,42.10948731788766,49.19334683409514,50.20634681923146,36.78829336410894,44.15431536527462,34.53991613487602
61,Radhakrishna Temple Ward,Bengaluru,2021,3,64.09413949465699,57.722906448569525,64.84904100466879,68.27506472910564,48.36921641844674,65.44038388723506,56.791023005697895
61,Radhakrishna Temple Ward,Bengaluru,2022,3,62.118417422206406,68.23826841770958,63.625213686894256,52.98666807930279,67.4444724459673,71.14648426633954,65.16677202659633
61,Radhakrishna Temple Ward,Bengaluru,2023,3,66.12502558849124,60.68662102746989,57.48637078573804,68.34464536551107,62.56616438075943,72.92225164582564,78.12571929043158
61,Radhakrishna Temple Ward,Bengaluru,2024,3,59.651666544751976,65.26217684962921,52.89584761119606,66.10395291502554,56.60119669070249,63.002664530581384,47.51772595979202
66,Chamundi Nagara,Bengaluru,2021,3,41.06516023755712,42.797329501066606,31.105586469903024,45.80263513644076,55.57704333928626,35.399956239372635,28.936596903161977
66,Chamundi Nagara,Bengaluru,2022,3,42.96719845461749,45.1090791763931,44.36812083603959,37.606140376937,38.60343829083807,44.85672515834095,42.870204220392566
66,Chamundi Nagara,Bengaluru,2023,3,37.91188097575216,41.81477205670404,35.041444018880924,36.47587327426446,46.61579160207921,41.76060400223955,52.649560786817815
66,Chamundi Nagara,Bengaluru,2024,3,37.58857994402649,42.07535628660131,39.940187454218766,33.07179327522261,20.765354703585956,29.301744935955103,49.41430618395004
68,Jayachamarajendra  Nagar,Bengaluru,2021,3,79.1531337147004,73.68626175924017,74.80302288965852,70.54161056962226,79.91552535103122,70.5053849865447,88.16382894937125
68,Jayachamarajendra  Nagar,Bengaluru,2022,3,81.31953723959029,88.92111899081945,85.84585831100611,81.97869297061699,74.29288736420531,77.97957550075425,86.40414589553599
68,Jayachamarajendra  Nagar,Bengaluru,2023,3,82.53780999203897,83.69347833943947,89.45732529921636,81.84192223771333,64.94350369607038,83.78374630959718,96.26656852720038
68,Jayachamarajendra  Nagar,Bengaluru,2024,3,82.81946700175185,76.83814077493298,83.89429753594428,74.75299599468624,80.83430445207925,87.94273357965676,78.2466127289213
69,Kaval Bairasandra,Bengaluru,2021,3,54.59959877989805,63.1431551694871,46.638861235561656,52.585917096084216,40.696239313114745,64.44926882306555,67.40962781762691
69,Kaval Bairasandra,Bengaluru,2022,3,55.06543211576498,55.48459166120582,58.77300275584777,46.84792075808531,65.2762489356373,47.619701788469676,64.84746102334083
69,Kaval Bairasandra,Bengaluru,2023,3,53.732546149430526,44.45575375992577,47.82639682779038,48.99479754764738,48.13800244829129,45.4854010847073,66.8412808403624
69,Kaval Bairasandra,Bengaluru,2024,3,49.700342278581,47.639972620066665,48.116418493726066,51.71222894579334,50.32751938644091,58.088181742869345,49.609246765755906
74,Sagayarapuram,Bengaluru,2021,3,73.32775237338015,67.49796266052687,86.24560881269764,65.65508033108968,86.02574071302782,70.94021824291175,84.66698198673224
74,Sagayarapuram,Bengaluru,2022,3,72.87275679710541,78.67336552324664,67.01313097004663,64.49114245813045,68.99196394771187,66.34324709683558,78.72128946417926
74,Sagayarapuram,Bengaluru,2023,3,74.56960480452834,77.38904635143498,84.24402171355916,67.2200982593653,89.05018409543324,83.02474861479622,74.18146236909641
74,Sagayarapuram,Bengaluru,2024,3,72.46160080495915,65.95837335016739,72.53858309886242,70.4348613604054,58.31656049144911,69.81228925078977,59.50677008652396
75,Pulikeshinagar,Bengaluru,2021,3,50.37866131557172,59.6409635473552,51.864547392422224,59.695104538636116,47.678576448776994,46.61498397727691,50.56291720077904
75,Pulikeshinagar,Bengaluru,2022,3,50.08364526664093,52.90017156044505,41.56479074192892,52.47540436459752,56.09168896256706,43.12414232921389,36.92413407996097
75,Pulikeshinagar,Bengaluru,2023,3,53.62500266171669,44.78827857182621,68.4709921768097,44.78061388164403,61.42641181605882,63.29858116698496,45.80040578819446
75,Pulikeshinagar,Bengaluru,2024,3,50.24084781824778,46.30635076959969,38.27222214856718,54.08407465213042,32.73251974345028,50.429290381243575,65.14175343383708
86,Challakere,Bengaluru,2021,3,64.5552553353116,60.68032775104383,68.27213042406075,65.09608461354463,61.59859069092646,57.16946287011559,76.15338179252561
86,Challakere,Bengaluru,2022,3,60.349286071209136,57.70447308875493,57.773178647076946,66.90004398254662,69.69386129366522,65.73538394403593,45.68022400406855
86,Challakere,Bengaluru,2023,3,63.21650246935472,53.60034800581586,56.01089873170575,68.42229893179743,48.700890698514684,63.92270509840655,54.672558629871844
86,Challakere,Bengaluru,2024,3,60.8150755289969,70.33255062719797,69.86118888548658,70.00660841541756,60.329237286051395,53.00979950254697,62.25386019820769
89,Vijinapura,Bengaluru,2021,3,68.04553339784374,60.007185013528634,67.69276750849708,61.04650669172342,61.03257047344614,72.79267494559973,67.32607727890674
89,Vijinapura,Bengaluru,2022,3,63.54672535614794,62.735660724267674,72.09722167125965,71.38841913495263,81.76011281630507,69.28479308125384,58.00893222858832
89,Vijinapura,Bengaluru,2023,3,63.977993811001504,59.071406251922525,74.20414119377918,54.746520790248006,80.04847349641844,63.207543103496185,68.09403811524992
89,Vijinapura,Bengaluru,2024,3,68.55313997751294,71.28653362085709,71.97114752031479,59.88618078872674,69.2894608553211,61.556519993853776,75.67615303915751
80,Kacharkanahalli,Bengaluru,2021,3,50.120728290732245,40.95418630277993,37.66448877210634,54.44719605198589,33.00410173067918,41.545862846037416,35.483982547778865
80,Kacharkanahalli,Bengaluru,2022,3,50.69353409323878,47.75856226328006,44.58960153186844,47.687598688155774,61.67967534048606,53.92094631464707,41.24940112926282
80,Kacharkanahalli,Bengaluru,2023,3,44.30240699578269,47.508461389809455,52.23358686243477,39.60333556228277,25.1402054370192,35.94584034531124,58.338208041133605
80,Kacharkanahalli,Bengaluru,2024,3,51.01068197703005,53.503953354115325,47.46887116661693,45.12442722094116,35.86613870340631,53.310941337807385,59.24969539616369
93,Devasandra,Bengaluru,2021,3,83.93432958189672,74.77335405052945,97.98899290972824,89.90861341498821,75.64721104993531,93.53373616907373,86.99077727098638
93,Devasandra,Bengaluru,2022,3,86.11204004370046,92.34743580550321,90.80639826364555,78.67395497102446,79.64274028348039,94.67371285022145,77.85050839901602
93,Devasandra,Bengaluru,2023,3,82.9520770788471,81.74017687273614,86.34026455368286,91.81359383374125,72.5797855521473,75.38210460486546,73.87619177464522
93,Devasandra,Bengaluru,2024,3,85.0894163759572,80.8075521607404,94.56782454501572,92.31681630322592,98.94998992356832,93.46794704874829,77.65664698115805
87,Horamavu,Bengaluru,2021,3,74.48637202399155,81.32634308179277,81.34109233883994,80.01532095398605,80.7328455312344,68.03494741338568,75.8371795908997
87,Horamavu,Bengaluru,2022,3,79.25485771622135,70.11833243216158,69.19930218810447,71.88943318531258,88.29405411563317,85.61056431336026,70.6601987055415
87,Horamavu,Bengaluru,2023,3,78.28800733136215,82.94403822668717,79.5551234961176,80.0949611405376,78.62242920801336,74.23897635773857,80.23866711713264
87,Horamavu,Bengaluru,2024,3,78.61420620985824,81.3400332894432,86.44785232115298,71.8156389089497,77.07650518664983,68.8008386064001,71.01457214550693
81,Kammanahalli,Bengaluru,2021,3,87.19555188388215,79.17911387562647,84.2403813597208,93.19697125786533,75.3569772690381,88.29725086992786,94.18769076477238
81,Kammanahalli,Bengaluru,2022,3,79.15769971654268,76.26539109025747,87.6714532511046,80.24222999918301,59.36688425825919,84.37751491710456,65.21704036474985
81,Kammanahalli,Bengaluru,2023,3,79.30225797204089,88.4637275744285,75.34048051110342,75.84089029880248,65.25777998533869,75.4143422818452,90.60178082688691
81,Kammanahalli,Bengaluru,2024,3,80.960547675457,79.93276029454785,87.6226758215391,88.68446328475848,84.68232104292835,78.79106163901358,78.33920290091571
94,A. Narayanapura,Bengaluru,2021,3,75.299413405287,77.69120015448381,70.96420371852773,81.18336003082868,59.01903899821228,77.0634587442548,74.72860010187071
94,A. Narayanapura,Bengaluru,2022,3,75.9157667140739,77.51544246263651,77.7603043528596,77.12896860239732,80.05527337793208,79.44512545860114,85.06543670449699
94,A. Narayanapura,Bengaluru,2023,3,83.51772487104483,83.4828385163139,70.82947324507477,74.68874345592442,76.88725761888726,89.21566441327418,89.7481529132723
94,A. Narayanapura,Bengaluru,2024,3,80.4399213336603,79.2439012927701,69.86349713484881,77.00377640584652,77.8006959806153,72.21192992725264,72.05827991499663
82,Banasavadi,Bengaluru,2021,3,69.26213018889074,79.22908041674972,82.25553012919747,72.11343417959456,66.11205232065362,71.98567748305538,77.8316787312977
82,Banasavadi,Bengaluru,2022,3,66.00454794346172,72.80059365617406,62.51953650145303,67.44199336800544,69.51532237794964,59.6940730061345,61.87161119303037
82,Banasavadi,Bengaluru,2023,3,62.16746613181948,52.651301409646585,72.11837744209268,57.62888233127573,62.8906167813721,58.14197760359494,75.38784348527969
82,Banasavadi,Bengaluru,2024,3,66.20206717388818,73.65667218358021,76.46007417764244,59.92409553081373,78.3077995657166,65.36580490864603,65.69113333644884
76,Hennur,Bengaluru,2021,3,77.29035571361152,81.84914185308682,77.18419028427051,76.02736976591511,86.47068485970739,82.60061369343371,67.05760074369212
76,Hennur,Bengaluru,2022,3,77.83788139881712,82.86538311939803,82.54653608683131,86.97017382048628,60.59620205307397,68.9789758218422,71.30349363961312
76,Hennur,Bengaluru,2023,3,78.95412856676026,87.07922017718099,71.44051456224544,74.39312308933287,89.33005906347881,77.94892541577106,87.2554452754157
76,Hennur,Bengaluru,2024,3,81.3600525127741,72.03232451643976,68.23964861643474,89.48880157966232,66.92986735747792,82.00846615827845,78.6929205907953
96,HAL Airport,Bengaluru,2021,3,47.98049604920911,38.4169639847189,52.89418663447678,57.248384733480115,50.38722338768279,56.71694528987095,34.54823242778982
96,HAL Airport,Bengaluru,2022,3,41.58374050195689,46.20015980157149,56.02265321687429,36.71434175084185,47.75072456091986,35.54569315715169,43.54364813910519
96,HAL Airport,Bengaluru,2023,3,48.70221588865175,50.872761342581086,44.187407051256315,40.98413158641042,34.752089038049135,43.20855448767645,41.23121572886069
96,HAL Airport,Bengaluru,2024,3,44.59439047516163,45.06220870264896,33.03745663123816,51.79718434215033,53.50696260350098,35.947757713161664,50.82944339205469
78,HBR Layout,Bengaluru,2021,3,44.63648226632932,43.80249509690245,44.177370880230725,37.95197306959483,62.46440814634061,51.635989695942555,49.707152386202566
78,HBR Layout,Bengaluru,2022,3,47.93688422470662,50.9563535677257,49.29984030691378,39.18234634234433,48.43699017551988,54.0649565693634,46.71408055261536
78,HBR Layout,Bengaluru,2023,3,51.68201080270186,45.70928644542135,44.440635849343025,44.97613787134778,44.890613397561765,56.81704091647456,52.26358658781998
78,HBR Layout,Bengaluru,2024,3,52.59752959038194,60.189166689412524,63.71488234176215,47.37345381801272,50.64710335762146,62.29732271319944,60.75790387968165
77,Nagavara,Bengaluru,2021,3,37.68727391357913,36.96590144982579,49.96388008942594,38.46130987263342,37.59977423495074,29.796747912711744,42.390677055307954
77,Nagavara,Bengaluru,2022,3,40.839428076049835,46.35166509455638,54.77372769307418,34.914757258603615,41.77261332383949,36.582187237741344,49.62506064706501
77,Nagavara,Bengaluru,2023,3,43.381052176477255,49.33933536879513,40.2601663563509,51.68285354461812,44.702206866322854,36.54014863318422,49.25802572154133
77,Nagavara,Bengaluru,2024,3,40.20284477164948,47.34642991162454,52.387142414622474,35.74093451920566,59.54370368025836,33.01707533262465,31.26331482372418
79,Kadugondanahalli,Bengaluru,2021,3,58.579761984425595,61.66561303092483,48.14289048109378,57.38623035179258,63.191682987217675,50.24904368421326,70.05225303664575
79,Kadugondanahalli,Bengaluru,2022,3,54.69193262011328,64.03446492529669,52.22476199836627,64.37413900084323,61.40873257225836,57.38535808519211,44.670579478986824
79,Kadugondanahalli,Bengaluru,2023,3,53.914761763553045,47.159429879202634,39.29298736282581,55.10987543632069,55.0107466484601,58.30183421093622,65.62250335408712
79,Kadugondanahalli,Bengaluru,2024,3,56.95482978775051,50.703068669702155,67.70014138246543,63.33610006498363,58.586579987172286,61.159685760216746,51.385333183262965
83,Subbayyanapalya,Bengaluru,2021,3,60.7068470131314,59.89215095659568,56.44079497289466,60.5910959581374,73.83681711062013,57.41100796054886,50.91969480720371
83,Subbayyanapalya,Bengaluru,2022,3,60.750260163107505,52.76300973357817,52.946483545785846,53.58969995832739,54.667916626394174,59.757279741215754,68.21505027200669
83,Subbayyanapalya,Bengaluru,2023,3,58.699763710811,55.747262643004085,68.94319030335379,58.12550705877429,77.86396123141718,61.382606476725734,47.48770595774608
83,Subbayyanapalya,Bengaluru,2024,3,55.741518190343676,59.468062124065625,42.830752635215845,49.23914693386286,69.97100854657512,50.285109330813974,65.85275194763187
84,Lingarajapura,Bengaluru,2021,3,53.63952553041239,57.52253700060901,54.01916812476398,49.74573906434702,42.14530058525624,44.303312621660915,47.75791756763411
84,Lingarajapura,Bengaluru,2022,3,56.59375461431014,64.01784425957118,64.57569791036923,62.36270147937611,63.193150753349954,51.7994917656302,68.80960553548503
84,Lingarajapura,Bengaluru,2023,3,52.81511273962971,45.03490212389933,51.226779053822476,52.02227816366823,67.39765712053651,53.74807714338548,49.227129208742
84,Lingarajapura,Bengaluru,2024,3,48.317912363088475,46.768880929327366,34.578652618230635,53.11599477842708,65.0409744510545,43.91865895409826,59.0681626670621
85,Maruthi Seva Nagar,Bengaluru,2021,3,81.40088952827597,86.48012760021165,90.54809283351912,71.76102064028505,99.913303811237,85.93430936968244,75.54342238985997
85,Maruthi Seva Nagar,Bengaluru,2022,3,75.10839989598611,82.56347668730866,63.48581160834422,79.18211944520203,76.73633896178252,67.03908929989493,67.36521474375128
85,Maruthi Seva Nagar,Bengaluru,2023,3,76.98086756648186,73.00617278168187,79.93159209541463,72.9256237206542,68.97763202676126,81.84473154111393,63.42515264583247
85,Maruthi Seva Nagar,Bengaluru,2024,3,80.81582665574862,84.17192032027675,83.61247375897015,88.66187661854167,68.2290338368972,72.3952098995652,73.00113175303477
125,Okalipuram,Bengaluru,2021,3,51.400602368476356,53.05673907014615,66.26372785421566,58.51452424522714,52.25842993021993,42.6734205542092,61.34180780004765
125,Okalipuram,Bengaluru,2022,3,52.203229671807186,44.08037536827431,64.49203425490495,55.587234930568755,65.3747016444774,59.78280767745253,54.35640023325685
125,Okalipuram,Bengaluru,2023,3,55.358173804421426,51.69710556024381,53.39605263018278,60.83576691902455,59.43511104502669,63.20863960351835,53.65957423579706
125,Okalipuram,Bengaluru,2024,3,57.36697523213141,59.20091847825792,63.4459884246969,52.11564459962754,57.861526333963035,49.451471288298364,53.90231506147579
101,Dodda Nekkundi,Bengaluru,2021,3,54.16429553138686,63.17491658311093,57.183827527837536,59.03617385491806,54.41493791119497,56.846376158913486,41.29226201540007
101,Dodda Nekkundi,Bengaluru,2022,3,51.26058386798352,50.71045096811379,37.63004623305503,44.06106581904987,42.33315617963575,60.691237686004534,46.200994081075045
101,Dodda Nekkundi,Bengaluru,2023,3,49.60303006331606,51.81863148483143,43.02352652879529,43.7428816320846,50.26593520115522,39.71314604652448,34.83295104279282
101,Dodda Nekkundi,Bengaluru,2024,3,48.00926656094035,40.169781643554174,43.175086041102894,54.0609801525366,50.89121229571238,48.262621080068676,41.813931257183995
128,Chickpete,Bengaluru,2021,3,63.3914741544931,55.133329490408535,66.90346963802713,55.66824202402513,57.20039986656079,63.53971292884928,74.61814989504838
128,Chickpete,Bengaluru,2022,3,66.44391140243783,76.30024818241924,55.38858499937729,61.93854191282823,62.22695442634369,64.88047497321446,63.774543660404206
128,Chickpete,Bengaluru,2023,3,66.56165018678975,68.71975446860382,60.84283172267321,73.03745787121565,84.76407064618931,72.98561583779428,51.60860334253394
128,Chickpete,Bengaluru,2024,3,59.932677556542195,55.08482196321663,46.718418566975345,62.00858661552995,67.39627409624646,52.2224303178603,56.44784404789158
108,Cox Town,Bengaluru,2021,3,45.03212034147349,37.452620351177345,42.600554047097745,50.05568129764185,27.872426922803704,36.63572062311155,40.67525909655301
108,Cox Town,Bengaluru,2022,3,48.02731659109346,51.600715724544756,43.88491631622941,49.90053241526423,28.432563952203196,50.74923751928431,60.42592501838056
108,Cox Town,Bengaluru,2023,3,50.07857605852777,54.55803716784965,38.69532855063848,58.12764220424461,32.73632983275877,50.757925509483044,39.342689772331504
108,Cox Town,Bengaluru,2024,3,45.561932725140714,41.46274687822384,45.14194753906881,47.10593045983173,27.311495617498608,38.02199862761563,47.321204618653475
113,Hoysala Nagar,Bengaluru,2021,3,78.39059900942627,81.43643198126506,88.75872989912347,82.24045554281078,75.5878421050322,81.84993145731491,71.65203423708883
113,Hoysala Nagar,Bengaluru,2022,3,78.98871573313971,77.91710606117135,87.94012594869028,85.43716320650529,93.29120923959107,87.32142044996385,76.91827234853861
113,Hoysala Nagar,Bengaluru,2023,3,76.92085159987292,74.34430006862547,79.95307660387991,81.0325688527494,84.4570523395584,74.41190934027534,66.92665765083551
113,Hoysala Nagar,Bengaluru,2024,3,72.52480557475087,80.32674627842704,67.90112939688659,65.61400051921734,53.54271597098091,75.44125330048055,76.63187509839317
114,Jeevanbhima Nagar,Bengaluru,2021,3,39.0718978540662,37.26447575197084,33.40842270596801,42.61431064876639,43.30306783217382,36.363772418017,30.6086744817159
114,Jeevanbhima Nagar,Bengaluru,2022,3,42.89479517755083,46.660279893155575,32.111384204901654,42.606589170738786,23.99626397232945,43.00389753575983,56.815317391081905
114,Jeevanbhima Nagar,Bengaluru,2023,3,38.7447390913388,29.36385490972567,35.38434188974489,31.94523782060268,19.678822944466237,43.869011370342335,37.500429357795525
114,Jeevanbhima Nagar,Bengaluru,2024,3,47.355610795754494,39.678389999765,61.033175664414074,43.63494514330155,62.89175768810174,49.41446832534373,57.15683158799912
139,Mudalapalya,Bengaluru,2021,3,82.29396652521073,91.5166762333626,78.97842337228334,80.00420461994918,75.90945069539096,83.12211867216244,71.91831782056535
139,Mudalapalya,Bengaluru,2022,3,84.82696027112331,90.06499652322071,94.83645912925088,83.63578727737179,76.92029024518305,80.0136582174652,75.66567537226948
139,Mudalapalya,Bengaluru,2023,3,82.8343919353704,78.23934577798607,96.82691351136262,83.98856846037128,76.72547349659071,84.44374395524433,72.01029297574127
139,Mudalapalya,Bengaluru,2024,3,85.67225536123391,85.45021199708293,82.72561938086363,95.54922313922788,100.0,88.14037452442271,87.7535761967024
115,Konena Agrahara,Bengaluru,2021,3,71.76413569657392,69.66689056186028,57.9479216833009,71.27505644631044,73.48511905488044,66.31913041863811,85.68500111153932
115,Konena Agrahara,Bengaluru,2022,3,76.97244697290864,77.6401795482159,88.07152176233919,69.5854938493779,88.59283874390404,69.46886325224561,85.7987668493908
115,Konena Agrahara,Bengaluru,2023,3,78.52192042853147,87.40276230503943,67.98579951068494,77.77543252983935,97.76141555503888,78.19006914799441,89.42834610396783
115,Konena Agrahara,Bengaluru,2024,3,73.5043136975456,69.219984808063,64.60100643012822,78.74027752509954,68.96593397046671,73.72982294156063,73.27407809758105
116,Ramaswamypalya,Bengaluru,2021,3,52.597977125283286,62.21276399695188,49.82550338249779,59.14835556740935,63.17908891147199,54.068556154394756,66.27939143364128
116,Ramaswamypalya,Bengaluru,2022,3,45.03484777213397,52.11408711124241,43.20934227114642,51.974224856275185,60.75845597995057,36.283999644515404,56.538790661715794
116,Ramaswamypalya,Bengaluru,2023,3,49.04653055908008,51.578380780944286,61.83800876098269,39.42885244767536,48.120269291792766,52.80097140769129,55.72773929002693
116,Ramaswamypalya,Bengaluru,2024,3,45.28655696311898,41.274468730552606,41.04802272562939,51.37530111670908,36.436951859701104,39.500656240463044,59.00999753426187
117,Vasanthnagar,Bengaluru,2021,3,45.22670382738189,48.763129804529804,55.0807828108554,41.11909175430576,25.799314934064288,49.98409419861249,55.25104173740216
117,Vasanthnagar,Bengaluru,2022,3,36.67699814357049,41.745556588709874,44.74468160679972,39.84780845697159,47.321635455393945,43.59542693712514,40.08512157069424
117,Vasanthnagar,Bengaluru,2023,3,40.12477336723422,31.677760060666323,37.35106429820715,38.266903149746774,22.76516713284388,37.10118404662381,28.454716330973664
117,Vasanthnagar,Bengaluru,2024,3,44.72537553020682,36.17170503536559,58.378831748957865,45.176907516941725,36.70800264836177,36.26261703573009,44.744103572319354
120,Bharathi Nagar,Bengaluru,2021,3,78.76662905313451,69.77114928241399,65.95368411417161,76.82409470578725,70.57824881505223,73.41431551425546,72.19676402039592
120,Bharathi Nagar,Bengaluru,2022,3,80.98804481678607,79.0900987073374,93.17137488076098,77.41795884174371,80.04552427053774,75.50862477310606,85.20232608206139
120,Bharathi Nagar,Bengaluru,2023,3,77.73069524090131,74.88697692317228,82.16521862061717,70.18910881020906,93.27705845151726,77.79237425649804,76.21118750209058
120,Bharathi Nagar,Bengaluru,2024,3,77.94360290836156,69.37911903289182,83.42211954506362,72.78223651467215,86.50170820862515,84.39429879604549,87.06235813493717
121,Ulsoor,Bengaluru,2021,3,72.01027939625028,64.86779862303851,80.27066390834435,67.43846700518458,71.87809630896814,67.69576125480062,61.02513028624108
121,Ulsoor,Bengaluru,2022,3,67.3519008213718,72.3248055038958,61.8795046792053,57.354594681461506,67.79706639086099,58.288938991923864,60.636987555998786
121,Ulsoor,Bengaluru,2023,3,67.43547668936142,74.22224653648146,52.55007436911892,62.371954073399465,77.07163893544428,63.76087968394756,55.49224833134183
121,Ulsoor,Bengaluru,2024,3,69.51251333698802,76.36675138019912,63.91295086454232,75.29116277250816,85.18739912941741,68.18886172851862,81.81080765261979
122,Dattatreya Temple,Bengaluru,2021,3,77.44610672674551,69.23189721725697,83.0566847218428,77.32238753588409,72.9520589449714,80.10034430171753,83.56181947577545
122,Dattatreya Temple,Bengaluru,2022,3,69.47485344931643,73.73577446200281,74.46641585666262,78.79580355188997,79.91636505934775,78.4903076039432,75.55106849536064
122,Dattatreya Temple,Bengaluru,2023,3,68.858971784353,74.49544905125171,73.18344842863048,59.822692032218924,63.26099042039213,77.99496809403873,68.87100615565905
122,Dattatreya Temple,Bengaluru,2024,3,72.38231861343738,66.55997309354065,68.44353373938124,69.77858373318091,54.47651942093627,77.73367118379574,69.87745157055375
123,Gandhinagar,Bengaluru,2021,3,78.21064561206653,72.4505267060397,82.93125007717039,77.65628169532616,93.41691512892592,72.52545919559562,83.54504162136786
123,Gandhinagar,Bengaluru,2022,3,72.6601803765859,65.39219844960935,77.20937319090419,77.4321295392325,65.28527412711989,75.55683245703217,69.514107604931
123,Gandhinagar,Bengaluru,2023,3,71.6993183498081,79.50361840253159,65.32160624377549,69.05503810493116,54.02299643302209,63.92956259623362,72.17517543117793
123,Gandhinagar,Bengaluru,2024,3,78.0619678582895,68.35583563138859,74.4347893184476,74.80887879367135,58.83507309499355,70.54933583829971,75.47124810584856
124,Subhash Nagar,Bengaluru,2021,3,42.37490680058276,42.993660368824635,45.2288570477532,32.57338322313947,40.938713178722914,51.644891618334526,42.94587520446922
124,Subhash Nagar,Bengaluru,2022,3,41.4506479072029,46.93047547025815,49.63829236348636,41.87656886028568,60.49120083837144,33.961652202455966,26.959077853890328
124,Subhash Nagar,Bengaluru,2023,3,46.403564701682896,38.80770928409442,39.371049690441076,36.75461196901547,38.13590913290548,51.866402180056326,46.942380533060266
124,Subhash Nagar,Bengaluru,2024,3,42.04940227709737,32.07647479140674,36.043418104054446,44.97857710985598,61.01718002975166,48.99061881677536,27.757251216463246
126,Binnipete,Bengaluru,2021,3,58.962941917478524,64.57046438889813,57.70281468758567,56.92304777656858,51.079571070806224,50.27683909656584,50.8100028222895
126,Binnipete,Bengaluru,2022,3,55.97172848159428,60.92061661352816,55.18602333353268,47.12861747053749,74.28332052112245,64.82621486347654,64.52741477604653
126,Binnipete,Bengaluru,2023,3,56.575781112494894,65.83114811755902,43.84393233099742,53.889396077722324,45.59103183276552,50.492442795180295,45.799869579275175
126,Binnipete,Bengaluru,2024,3,58.94417634196532,60.510144330372526,48.353057629611605,65.16665174063473,64.38236462851445,56.70749046450523,64.1680852080472
127,Cottonpete,Bengaluru,2021,3,43.66602976357294,52.015746626212746,37.38116493371555,43.06579512673167,59.27167525941353,47.82045676892349,30.532126548514025
127,Cottonpete,Bengaluru,2022,3,40.29252358635001,42.91095939093327,38.72272634866256,32.97802060439552,58.60988842862083,40.88571806526241,32.54932240973668
127,Cottonpete,Bengaluru,2023,3,47.01031100598192,38.53509536545321,40.25142545741868,53.14962082366179,45.39690582208837,47.941853846627815,44.994791072266
127,Cottonpete,Bengaluru,2024,3,41.8716054768324,40.782438251670214,33.14716943907023,32.871186050025976,55.61759203890535,51.49545606011472,50.66589169673458
141,Nagarabhavi,Bengaluru,2021,3,76.25942546757216,85.47196497783615,67.16719660117501,85.2880216748088,96.0521972262102,80.49388158249313,90.69373742132682
141,Nagarabhavi,Bengaluru,2022,3,76.4350719961626,75.17498970947503,79.24190005752618,67.8967032367029,81.32880258085245,86.0586287314085,67.13830148967443
141,Nagarabhavi,Bengaluru,2023,3,82.91864210219791,91.79267395860232,96.72271023436133,83.34783487662735,100.0,88.06484624488668,72.76878518930677
141,Nagarabhavi,Bengaluru,2024,3,81.02296591812174,75.96977223450341,85.24142142458837,84.35497549905412,67.53095567046438,82.32467216717687,89.17177324747998
144,Kempapura Agrahara,Bengaluru,2021,3,63.169446875001185,53.35021625658703,58.880327194101554,71.69332824363683,52.31651805914554,65.85672065243493,54.8317229958008
144,Kempapura Agrahara,Bengaluru,2022,3,71.52883660325494,76.10606544865388,59.39081492265126,70.10287702298362,52.69562714906552,71.14663953531513,76.40185695428698
144,Kempapura Agrahara,Bengaluru,2023,3,65.93726509633177,63.89399760637491,78.52319583601326,75.80236540479105,47.73371705615641,71.15742356623961,62.088987088402064
144,Kempapura Agrahara,Bengaluru,2024,3,70.59106544071034,78.95959408361851,84.11892327578678,72.13351716147676,64.87591181273045,76.34204715788593,63.121106938579345
154,Rayapuram,Bengaluru,2021,3,53.47619573361795,56.60881720777547,45.688163120423155,47.30805464831447,70.20575920063544,45.51226939260869,53.6549329656659
154,Rayapuram,Bengaluru,2022,3,50.27971075162589,41.00008711745442,40.53636391480072,57.6151178417459,41.57886051070696,59.28889416313181,52.7283795413017
154,Rayapuram,Bengaluru,2023,3,55.691299465063764,56.02526716958912,63.454587077783515,51.34122078452081,49.81331512907586,63.57318551572878,69.08499485957593
154,Rayapuram,Bengaluru,2024,3,54.08489105794235,59.692201118079986,53.37496305697532,54.03568810086439,42.27209542023371,55.90749712311268,44.66896799054279
148,New Guddadahalli,Bengaluru,2021,3,46.41042777907042,40.55194396328752,33.5451763342734,37.79057963132674,64.04180859919472,46.548836538307114,43.69278993358097
148,New Guddadahalli,Bengaluru,2022,3,46.21838504197623,42.86220570428832,52.02692676619009,51.64084135901396,52.40441251661441,39.25028653797821,57.49487754748794
148,New Guddadahalli,Bengaluru,2023,3,40.6848500265711,39.189413735324976,26.81198273853832,33.24218605101945,51.30672004720553,30.68508272167842,38.181824881039866
148,New Guddadahalli,Bengaluru,2024,3,38.406469962880784,47.86803322232744,30.190229900370944,34.4904443556064,30.56417045308188,33.01480320522778,23.450684625470124
149,Gali Anjaneya Temple Ward,Bengaluru,2021,3,58.66265947519766,53.14852914089856,63.55407522930033,63.50058601437196,72.59967463881864,57.11524341546984,52.75058664441053
149,Gali Anjaneya Temple Ward,Bengaluru,2022,3,56.120417808189934,62.45600713830265,46.56883684088801,53.53923797134524,72.19802567815594,62.25428820208472,70.66616989106421
149,Gali Anjaneya Temple Ward,Bengaluru,2023,3,52.92615648748403,54.738913167376786,57.75658411490364,44.49527281382651,54.706034851638634,57.11257305693622,42.94579560751584
149,Gali Anjaneya Temple Ward,Bengaluru,2024,3,54.83193228234592,63.87636799629781,41.10460122855267,50.13845503345526,58.89408745433888,50.76313052646453,61.264657204483186
155,Devaraj Urs Nagar,Bengaluru,2021,3,50.65840913186836,50.93549841600371,50.92512579960004,48.04402453617918,67.97540363465524,57.208535529332785,56.57469058915746
155,Devaraj Urs Nagar,Bengaluru,2022,3,54.250410929334805,62.67030135126632,60.08827374693337,58.83003216245113,68.71804708082861,49.731842716178626,63.46253804533589
155,Devaraj Urs Nagar,Bengaluru,2023,3,53.08666901365249,49.79887809904935,67.44243306532671,60.21741348861103,61.13346347726288,57.62780424596029,54.94885284572962
155,Devaraj Urs Nagar,Bengaluru,2024,3,54.59583702002723,52.20619121742512,44.48689712797496,60.31995006524839,63.97359430305089,52.28293779050993,40.35163943880411
150,Attiguppe,Bengaluru,2021,3,67.94645785975362,72.02045345233464,82.05417115153533,66.6996844227177,57.34539405959173,72.04387806062125,77.46030212022117
150,Attiguppe,Bengaluru,2022,3,77.50263077777434,68.53600521093357,77.64649872691018,81.87170972422534,92.0082496237415,71.08774301593014,86.50273523068478
150,Attiguppe,Bengaluru,2023,3,71.79781484511251,64.43211541669439,82.75668761237989,64.94327900870682,64.18932921347648,67.59872548436125,82.94023587083814
150,Attiguppe,Bengaluru,2024,3,75.79909199712661,70.80844997297659,79.54531498533657,77.23401166000158,89.11230706865746,83.92083320675182,61.16379514144821
151,Deepanjali Nagar,Bengaluru,2021,3,64.20844420218188,65.18561750372899,57.837426073492225,60.3439761926247,58.32678434027614,66.63429318317408,59.22994317224496
151,Deepanjali Nagar,Bengaluru,2022,3,67.73536006672329,59.10242407292246,76.2481553412465,63.45052655857741,65.04603525069379,71.44423773116132,62.709044781184645
151,Deepanjali Nagar,Bengaluru,2023,3,67.42929668111273,76.3182683349988,71.68132860006948,70.85887965445687,72.72058282661833,61.40913946030147,64.97931260418113
151,Deepanjali Nagar,Bengaluru,2024,3,64.70381518651618,60.26087070831043,57.993388440491785,63.344193738406304,83.91856482420359,56.05386612019262,65.26484501793404
152,Avalahalli,Bengaluru,2021,3,84.63133887003214,76.89740896458142,81.73936894087987,89.38903856672427,92.81351599112995,83.08591160791079,80.02706390861368
152,Avalahalli,Bengaluru,2022,3,77.5673360475211,71.67399482165709,77.05852697428779,72.93801116887325,69.0658026434111,80.70245731701223,91.62345599851787
152,Avalahalli,Bengaluru,2023,3,75.69436808658436,67.2060403636657,89.23706471195135,71.64018389273103,59.37704752988338,77.675259829592,79.40383143529235
152,Avalahalli,Bengaluru,2024,3,77.59859369451011,67.90080737879961,91.54905477814427,72.61645460833216,84.63964521661201,81.7311910920843,80.89881620689468
156,Chalavadipalya,Bengaluru,2021,3,58.96063416992837,60.91399982398243,69.94350317827912,67.89530874839627,43.19686634607868,52.05720642188277,72.30272193342076
156,Chalavadipalya,Bengaluru,2022,3,65.07960988058545,59.132262563292315,67.7071860138675,69.10240176893493,72.28408529846436,63.24264369791941,50.54145663132471
156,Chalavadipalya,Bengaluru,2023,3,58.780687024083804,57.78577194694161,72.50811747659833,56.761393376932496,72.37275129066087,52.551499139068824,63.95450196483467
156,Chalavadipalya,Bengaluru,2024,3,57.26860264101708,47.435001485560925,55.276086419995515,49.12111230204442,67.20397662806633,65.55957591798827,55.289231822279845
157,K R Market,Bengaluru,2021,3,44.72577425728968,49.194730614289696,29.997399104700808,46.51485404698362,49.25744165278484,47.47953919520839,36.986436656715995
157,K R Market,Bengaluru,2022,3,41.29565593054134,35.281062659877364,52.6197573301758,46.07011894507267,21.845478090995154,36.26318113793735,32.72785042033628
157,K R Market,Bengaluru,2023,3,42.857338770022444,34.10786468487936,41.62555426792706,47.51200826574575,47.1266077587199,46.31477214198404,30.29181412610962
157,K R Market,Bengaluru,2024,3,48.766659405653826,54.86846577556708,58.45617355690685,57.42086956830905,50.53681805020173,42.772299763006345,52.27016764123006
158,Chamrajapet,Bengaluru,2021,3,74.47518935857504,74.90416984191263,61.528950938582376,71.8974481271776,91.30585369710933,76.16416755372356,75.62514765624644
158,Chamrajapet,Bengaluru,2022,3,70.78050462420057,78.68742640726396,75.77439605000565,76.52824515924723,68.95432154690678,73.38544901332374,63.232012886496804
158,Chamrajapet,Bengaluru,2023,3,71.37202876206815,70.22293905836307,75.8516984993746,80.09764119144668,53.93228262641299,77.8668935090083,65.14352207443395
158,Chamrajapet,Bengaluru,2024,3,67.31514871278486,63.33607026947112,67.39408599168877,58.43867025973364,66.95897788811146,75.8573612899534,55.47694525601902
159,Azad Nagar,Bengaluru,2021,3,73.33203772152032,76.43551201200708,66.1391356610772,66.52188297234748,59.75054229236938,64.74187663438322,63.90143886855761
159,Azad Nagar,Bengaluru,2022,3,78.05223330619548,84.3347470180187,83.60626260243,70.26087057441752,69.61973115803347,74.24837081264485,70.5509416981241
159,Azad Nagar,Bengaluru,2023,3,74.59086533655712,71.72858483997932,70.2045400986502,81.16197729467874,86.16257926934455,70.74678197017202,87.0045186527549
159,Azad Nagar,Bengaluru,2024,3,72.5027526080608,69.5912515839219,72.67177721071957,81.32516885873427,87.55552993375326,64.5541118597326,69.28467490620329
225,Kudlu,Bengaluru,2021,3,65.28879861614273,59.16605997488058,76.05330175118738,68.82761427607947,78.80513361021488,72.46408420313217,72.73947422611492
225,Kudlu,Bengaluru,2022,3,66.36294144078157,59.57024956317643,71.5723039650288,59.94800655556718,74.12092506118785,60.95490465586094,54.88948044528817
225,Kudlu,Bengaluru,2023,3,60.277395242818024,64.65218759988863,67.2494267145694,60.576062241083214,46.73190728503337,51.94848199303182,45.85126423593663
225,Kudlu,Bengaluru,2024,3,69.16602924045878,63.99676607449242,64.79416905697525,61.272938930085445,58.06048143038559,69.55052065606289,72.39860973332836
160,Dharmaraya Swamy Temple,Bengaluru,2021,3,70.27084469020642,68.0915020727544,62.296945817996445,64.66192315480245,88.66535679874463,72.5968544087209,71.97719798536929
160,Dharmaraya Swamy Temple,Bengaluru,2022,3,73.98296643225669,74.80106650901831,79.8758606433399,78.02588835589327,60.85072274047467,73.98522147378922,71.34170928327976
160,Dharmaraya Swamy Temple,Bengaluru,2023,3,76.00771231013901,76.65779363845866,64.46955157550653,78.12047009660725,60.695868537348346,72.75184382145406,65.29297125456897
160,Dharmaraya Swamy Temple,Bengaluru,2024,3,71.75604423631678,69.5932317000773,83.62628756488014,65.84237190429619,72.06824679466794,70.14147745963723,57.29976546768867
161,Silver Jublee Park,Bengaluru,2021,3,57.91126089954358,57.39636131908265,59.73160974771208,60.47979003183532,65.4565260718586,52.97670856999788,43.21062419929706
161,Silver Jublee Park,Bengaluru,2022,3,62.57736782987337,69.29972189401835,72.2190187168942,69.44389118563103,61.98115422905497,59.24993574661068,71.32411390761447
161,Silver Jublee Park,Bengaluru,2023,3,59.05522380043193,66.15470419166142,70.53202010360235,58.38141892323533,42.08321289282343,56.81174559877056,68.16135358431004
161,Silver Jublee Park,Bengaluru,2024,3,59.25552926137354,50.59500150187897,70.57604285535871,57.04362804095105,60.92596783207607,68.61684550238871,46.25247109880023
162,Sunkenahalli,Bengaluru,2021,3,59.2640315479384,56.77341011726841,68.37846790374181,57.933476203051086,79.15132570405642,60.44521724687044,53.898896127017004
162,Sunkenahalli,Bengaluru,2022,3,62.02818266505135,59.47884814024236,49.08959299677018,59.41966665358681,60.59772345462034,66.48293770982744,66.73006720669959
162,Sunkenahalli,Bengaluru,2023,3,58.6066141409583,52.95996213256902,63.457142792953995,58.28640150455324,38.819153167692136,64.69650698959475,66.79090133966842
162,Sunkenahalli,Bengaluru,2024,3,59.187610579952455,64.51791157060416,61.699018211893375,64.82681012311164,69.25749027578607,65.2476520191092,59.7278525720912
177,Lakkasandra,Bengaluru,2021,3,60.950920559931625,63.36039626097104,68.21851617590424,54.34854068094633,48.74992855594319,68.75911090431819,68.45025451349375
177,Lakkasandra,Bengaluru,2022,3,61.82649903777394,63.76960515757998,66.45048114861015,69.60905751657414,64.97876921825156,64.4743255243417,51.52080051788196
177,Lakkasandra,Bengaluru,2023,3,61.40331694571573,56.822170912043035,52.470942361451776,57.67985311020404,51.06334206542907,55.70156968644365,59.14884223175834
177,Lakkasandra,Bengaluru,2024,3,59.30994229352192,53.068349909828385,46.61909237494814,63.23306519628042,54.62189287097743,65.7465612252291,64.09526535274503
163,Vishveshwara Puram,Bengaluru,2021,3,38.86332109766877,42.710499546889935,31.785180638480337,47.64469068667461,44.31829235900375,35.35355710117562,31.948676966436953
163,Vishveshwara Puram,Bengaluru,2022,3,43.090270292421565,37.46458255238011,45.94936827024624,38.38297083092871,49.56902808417631,49.38906486323235,51.43102758676116
163,Vishveshwara Puram,Bengaluru,2023,3,38.02108476040681,29.788783700097184,43.98954961502838,35.38802903629384,35.3149338165407,28.64406661627463,30.808378238658285
163,Vishveshwara Puram,Bengaluru,2024,3,44.93571842949676,39.80365209386737,46.655833516687,35.71530484271937,51.60961408172308,41.39626534457864,56.87329403822673
167,Ashok Nagar,Bengaluru,2021,3,43.10802039831618,51.127238312125534,57.992750603279546,49.61633368079514,56.902874308525334,38.08819512049798,45.40909236404887
167,Ashok Nagar,Bengaluru,2022,3,40.8042935829154,50.78214582358121,35.60347106569273,45.767971823892324,53.07089570398806,47.96475900305998,55.733142504980094
167,Ashok Nagar,Bengaluru,2023,3,40.258622483295696,38.48245284318742,29.161042578164103,30.707140266536797,34.67569556895514,45.93338750480042,42.24404322004782
167,Ashok Nagar,Bengaluru,2024,3,46.3985342696259,41.038897875802114,31.829977651788447,51.68560199835444,51.348257664186264,51.644586759645094,32.566674770255865
164,Hombegowda Nagar,Bengaluru,2021,3,42.60957535626608,43.87748237051888,46.347996799702024,49.898240293633364,46.08703561862236,44.22858295402966,57.32995006823905
164,Hombegowda Nagar,Bengaluru,2022,3,40.837251410414396,44.98519141107295,37.51416556116805,35.414760660084376,44.71132648592477,49.400893372693425,53.71143701087828
164,Hombegowda Nagar,Bengaluru,2023,3,41.69108801811999,35.92380598951721,56.560021303086494,51.3134461754787,47.671445206417886,47.77936921166946,48.14409285663099
164,Hombegowda Nagar,Bengaluru,2024,3,36.94779332579202,36.04308017684524,42.19138239081434,40.49842560346571,31.872698062687363,45.781633058952636,26.96850429289545
165,B Venkata Reddy Nagar,Bengaluru,2021,3,70.54730827237834,74.49002439021453,75.00647697544281,66.05307254141555,56.79557101984322,73.26611480891256,73.52637175656147
165,B Venkata Reddy Nagar,Bengaluru,2022,3,70.68985996257575,69.79329979724888,75.72267771067034,77.43720155797877,57.47899710565268,61.07275732251249,79.06293755444935
165,B Venkata Reddy Nagar,Bengaluru,2023,3,70.63486420309133,77.39796370286417,79.71919224782634,79.85326714166781,72.07226735717606,70.40477685628943,67.69148019981323
165,B Venkata Reddy Nagar,Bengaluru,2024,3,69.36454083569033,64.90479132220992,82.0037662020796,71.02835692123229,73.07814805601474,66.46303405323053,55.92422139502156
166,Shanthi Nagar,Bengaluru,2021,3,53.379370589966676,45.07067815191144,56.58477925617085,60.998830702759825,68.69596325071556,56.56027879261133,44.716325534154606
166,Shanthi Nagar,Bengaluru,2022,3,58.006953501566784,51.94002520062596,65.1297360746871,53.73734448010924,70.11256599568398,67.95171149963883,43.90773366144857
166,Shanthi Nagar,Bengaluru,2023,3,55.372324484421284,64.83997686771771,54.32261001021411,62.32008309584876,37.86808722835237,52.0779054859872,42.38282061695759
166,Shanthi Nagar,Bengaluru,2024,3,57.315758221153075,64.36670664607249,70.4547151641699,49.01782794354878,52.739661921686405,48.736456002033115,48.639551267653935
168,Nilasandra,Bengaluru,2021,3,62.57675321288741,57.94799656196027,50.60609641742025,55.92657499476957,48.46777575497104,72.03828917113339,70.35552842044162
168,Nilasandra,Bengaluru,2022,3,62.283085967490706,57.850455600743835,71.2318818837663,58.808164328313644,54.25842091570463,56.933205811647326,51.17345531421777
168,Nilasandra,Bengaluru,2023,3,61.4388785871505,64.9187627500651,48.315823853734045,55.64901738045736,73.79982419881756,54.37731705882591,56.718232982826144
168,Nilasandra,Bengaluru,2024,3,59.43493421384605,51.08967092620985,58.97107406624637,55.483324439416776,61.97126879320021,65.51103202351555,48.549388858428344
169,Vannarpet,Bengaluru,2021,3,80.89557893057282,73.77715465083682,84.6155334964423,76.36838728778825,80.40895167233333,72.54102541611407,79.68310064698152
169,Vannarpet,Bengaluru,2022,3,84.06430343852773,75.20387797847509,81.62252168607763,83.23293192115649,93.06454649049248,85.55005494033195,89.08067355435315
169,Vannarpet,Bengaluru,2023,3,84.46252106325608,80.74003099770549,85.60320222417317,91.26468263204008,100.0,92.25290728413134,80.60653894198738
169,Vannarpet,Bengaluru,2024,3,80.73441670074007,85.56724573746092,80.511488823339,80.39803396701345,94.2636335440121,77.9624922820838,91.52825694508944
170,Jogupalya,Bengaluru,2021,3,49.50048136848277,48.58027959247674,57.37389012872882,42.02052192576265,37.35725000336346,58.52937788174461,39.765230189923486
170,Jogupalya,Bengaluru,2022,3,52.01129497831875,51.803784219323646,56.35365243562331,46.60782949427112,54.11778568938868,49.454760083256694,56.86131276719442
170,Jogupalya,Bengaluru,2023,3,51.92692448009414,45.63233158776061,45.28621637354523,46.3011204865658,39.24043567484682,58.44114351130747,45.498151509920845
170,Jogupalya,Bengaluru,2024,3,55.91741556515129,57.342624963893236,45.20744924512308,53.408380432742916,67.82670609907984,53.265230139092694,43.52793211423495
171,Domlur,Bengaluru,2021,3,61.918440051563685,67.83696779443373,52.17213425547428,65.37373233981302,50.73861058898957,56.28259074260713,73.14059325071923
171,Domlur,Bengaluru,2022,3,56.09970500178345,46.11277281700944,67.21977602554898,61.95160126596615,61.192862405410565,61.105020280560296,45.661162024518205
171,Domlur,Bengaluru,2023,3,56.979425410091146,48.85495593523147,56.56333996653887,65.39421841694386,38.58179017211893,52.80864367996702,48.20565349626225
171,Domlur,Bengaluru,2024,3,62.55157705539709,61.91295814008289,61.540559443591654,67.76308990450273,48.73126521559412,62.29688413739811,60.45113347902888
175,Jakkasandra,Bengaluru,2021,3,78.99537826694159,84.38435614858253,75.9313493574644,85.54643931242252,65.8237127994408,69.60465199312078,70.12882944086978
175,Jakkasandra,Bengaluru,2022,3,74.1056088090328,76.4081916198568,86.42378032546546,74.30268900004195,74.15663459406198,65.11046900549245,60.15295538871952
175,Jakkasandra,Bengaluru,2023,3,73.38158736692064,80.16519526652661,63.201974908276,63.88102060926163,71.34313808412568,68.13115850196579,59.870018567085765
175,Jakkasandra,Bengaluru,2024,3,70.11573123400967,72.2821212341651,63.547223739016346,63.58565224111011,65.30579215078237,76.14464675846875,66.87853854114685
195,Hosakerehalli,Bengaluru,2021,3,46.55078041511452,52.0062088084161,38.658780162313974,50.09864301289197,49.18204260875437,55.13367475934827,43.170455954373935
195,Hosakerehalli,Bengaluru,2022,3,45.48747230263554,52.0246435220906,46.229541432478506,50.99235333933453,34.864496303096125,42.38914721290021,31.390588468975107
195,Hosakerehalli,Bengaluru,2023,3,51.97459651413114,60.63869826931727,44.939488737003316,54.20386873864436,59.114595245836654,48.32559051928291,62.41787356460004
195,Hosakerehalli,Bengaluru,2024,3,54.14446862408305,58.92580814287051,47.468409015831675,49.77678946619569,72.67888144192457,44.35015854279689,60.62596782134739
203,Subrahmanyapura,Bengaluru,2021,3,44.690991351793656,54.49316827353097,39.04737442470541,41.490428627658616,27.848567469655876,43.54695408266841,37.5224471388391
203,Subrahmanyapura,Bengaluru,2022,3,46.80981384485196,55.51950411540187,37.381806005007526,44.25999247592128,63.955036329467724,38.04598305863641,34.58062968819331
203,Subrahmanyapura,Bengaluru,2023,3,44.41622428356443,37.42566970368438,58.458515727086436,43.35051482873484,44.47694269757109,39.34939659967256,43.545031856606435
203,Subrahmanyapura,Bengaluru,2024,3,45.97586731183611,51.05322896603437,48.31260069265876,54.06306281171325,58.67218120408049,51.11682960580862,32.64403296224993
204,Vasanthpura,Bengaluru,2021,3,50.16328815307429,53.43376003134334,47.499212819550664,48.21141333906053,65.54676368225884,58.07454511571106,62.43854607468187
204,Vasanthpura,Bengaluru,2022,3,54.94937350851218,50.382037133999575,45.66766850074568,48.64202265545956,48.63367834305594,53.548525904108615,64.87784864016423
204,Vasanthpura,Bengaluru,2023,3,55.388073855068505,56.01717213885461,49.02643413534828,55.244465545725,47.38575664614941,57.30971295983463,53.403391540725835
204,Vasanthpura,Bengaluru,2024,3,49.20464612667653,50.13855976811913,61.27703712525963,46.08379985783024,58.52465041558146,52.377873225471866,62.15129355596096
206,Konanakunte,Bengaluru,2021,3,47.92101051548483,51.06162048016698,59.872604513005875,45.91138620722353,40.992798749795924,38.13723218818876,57.717542741228755
206,Konanakunte,Bengaluru,2022,3,43.29950310743172,44.83665073008572,42.21895405243834,35.67368501761395,62.52223218986066,37.59342085669883,30.31652851014855
206,Konanakunte,Bengaluru,2023,3,49.64362469776053,40.29249361870427,54.40515385957119,50.289462216789616,33.77422505276247,43.094102236687775,51.68285361724294
206,Konanakunte,Bengaluru,2024,3,51.63811521294336,58.01291980262438,66.14513140835325,46.83153199195164,70.42706052486244,50.26279260877452,47.063679072356
207,RBI layout,Bengaluru,2021,3,77.36404693401181,81.2042720529449,76.10191676703265,71.89447945473393,81.92285918702112,72.42120929901404,79.69299956434449
207,RBI layout,Bengaluru,2022,3,85.07191662153399,91.48583983686957,84.39242856520603,82.0882988082343,79.57430848389777,91.18620713489835,79.91730110546234
207,RBI layout,Bengaluru,2023,3,77.68327777416886,77.01714019185702,77.14724074176411,84.501451982227,66.53282563201142,75.30310324753685,86.93544994097958
207,RBI layout,Bengaluru,2024,3,80.68250511520347,79.86498558093709,74.78108184068196,89.3336026835897,65.42825574486668,89.35749357523287,86.19849867026377
224,Hosa Road,Bengaluru,2021,3,71.69200768824373,71.2039315246839,68.9244508383257,64.91638392774618,77.94839182827002,81.11502583560946,73.5576720201795
224,Hosa Road,Bengaluru,2022,3,72.04992160605894,70.40326152239884,60.54067616099382,74.30583831678915,89.58920793462514,75.28547625549172,59.35401305549159
224,Hosa Road,Bengaluru,2023,3,76.87205087480729,74.93620599747233,86.88137118906246,83.16547096900707,81.34529167893615,74.34120977746139,69.53214208770461
224,Hosa Road,Bengaluru,2024,3,74.91439391526431,73.1778442594187,80.18908166838652,78.07759040121579,57.71871950091459,72.81958022388747,65.36775993178517
208,Anjanapura,Bengaluru,2021,3,71.77619054034152,62.61449487466667,69.35167681740515,65.14026365567187,86.94939916748048,72.91700080584222,63.71760963164696
208,Anjanapura,Bengaluru,2022,3,70.81803264000023,79.9803928183889,62.431412767362794,78.54166808258714,88.19019720669984,79.14644353064155,74.88046334585752
208,Anjanapura,Bengaluru,2023,3,67.53527537480728,72.58323302088304,68.47409592533523,71.08403679937317,64.6735915287591,72.16520465567007,77.26942090294375
208,Anjanapura,Bengaluru,2024,3,71.83246619871134,72.6383968345175,82.17244347141808,70.45850032553163,66.99408561403274,80.13368084905579,64.36754422516339
209,Gottigere,Bengaluru,2021,3,79.05593228354134,79.33784113456653,73.30998072822587,80.51677629592166,72.06438013458978,69.84132056837439,72.21589044387201
209,Gottigere,Bengaluru,2022,3,83.99927442901587,93.31421862541082,80.85393335318503,88.56669151580878,77.83151836543287,87.4211375707354,93.16217572039524
209,Gottigere,Bengaluru,2023,3,78.21784931694403,83.88380897606498,71.19570283590758,88.02449539281699,59.24863326751807,80.28842544696644,83.00302876648384
209,Gottigere,Bengaluru,2024,3,75.4196023463382,84.1901980158008,65.85510071784068,77.87467041113501,64.32664551126159,71.56393068676361,76.81335859818192
212,Naganathapura,Bengaluru,2021,3,72.7674994702252,66.18622751864217,70.3118431151092,77.91315903573522,88.68608534413674,64.45005271541287,69.56061669700723
212,Naganathapura,Bengaluru,2022,3,71.33116826678612,74.56554191966525,74.40465152578375,64.59155054308384,60.683681590508684,61.80532333967649,81.37958443761823
212,Naganathapura,Bengaluru,2023,3,72.51983882840706,67.14934310371302,83.57212454681508,81.04911478753075,69.30493414067948,63.532288273788545,58.701593839191645
212,Naganathapura,Bengaluru,2024,3,75.09419454939194,65.66724310094503,77.59176631876865,65.32024528117239,86.58907287536286,71.22285100345937,61.30193463966891
220,Gharebhavipalya,Bengaluru,2021,3,47.37249679420216,56.84850506134515,48.69845666931323,42.87728041494233,55.75005137956116,42.80233684505639,59.49979553642912
220,Gharebhavipalya,Bengaluru,2022,3,48.894338277633665,39.90580035411824,46.67797541620059,55.54160907085357,61.12029049216734,43.38070945470419,40.676710407950544
220,Gharebhavipalya,Bengaluru,2023,3,52.69963685156487,44.60685527702494,51.201396034351625,49.44872243084945,67.52717506986244,44.37013514516524,44.03341512830599
220,Gharebhavipalya,Bengaluru,2024,3,43.90859113968377,43.75929875396956,42.171802180075375,40.59661471945874,39.691483752440725,44.50740287828843,33.74961189133526
222,Ibluru,Bengaluru,2021,3,83.21947822504887,88.42269682085205,72.83647536586209,76.20446761987836,73.94645293484541,80.44097275186962,80.47314566730336
222,Ibluru,Bengaluru,2022,3,75.73195925370736,66.42541333822868,72.48927614202464,79.67523309646697,63.46937297196666,78.5620488788324,68.52680339191635
222,Ibluru,Bengaluru,2023,3,84.12205437471518,80.0677984603417,76.02186699361239,82.3481338160398,73.74331778192112,87.56973124054925,93.90399491116375
222,Ibluru,Bengaluru,2024,3,83.4086594045425,81.34850264869199,73.09816852580833,88.16767835249435,77.82763961020466,86.83407590912515,76.52797766399547
7,Thanisandra,Bengaluru,2021,3,69.19621884108192,62.3202489996939,83.84884865998634,78.74181749241086,80.94894299740349,72.38467808272186,71.53043034861446
7,Thanisandra,Bengaluru,2022,3,62.164796102399166,61.518420352096705,65.74649518339422,60.38860561978899,59.264254266009885,58.770489452440856,64.09175060293525
7,Thanisandra,Bengaluru,2023,3,61.285684666267414,69.97434544133624,66.95831427871431,67.75114891986802,63.53331237146788,66.87601869474868,46.77169658645143
7,Thanisandra,Bengaluru,2024,3,59.67178947705795,67.4700570043152,74.43067189421726,55.55313872059351,48.084531728489694,64.97905675421876,52.26257970466555
62,Sanjaya Nagar,Bengaluru,2021,3,72.36323290395758,64.88233683154475,86.73777955697605,75.84001086935767,86.2387218811157,68.84982045098795,77.65774538957571
62,Sanjaya Nagar,Bengaluru,2022,3,77.36630818361229,81.01695737436673,79.62708337748525,75.94755556966561,68.40321595883417,82.73793480187634,69.15448108370788
62,Sanjaya Nagar,Bengaluru,2023,3,73.66813520887608,76.17473860796515,81.08048322274695,68.04241298700687,56.06586724332841,66.28761006875956,76.84804422700685
62,Sanjaya Nagar,Bengaluru,2024,3,71.78477519473707,76.46780037557,67.02433457323863,71.35534259312752,88.93915718855969,68.42420528945398,70.74488321292165
11,Kodigehalli,Bengaluru,2021,3,76.14009569660557,71.31192751930125,61.9756629212378,78.76760221757058,73.19602996867047,77.10299975116601,66.37951127349545
11,Kodigehalli,Bengaluru,2022,3,81.96235324508444,91.26840771769244,68.47485645315072,89.77003966218976,85.03760129753277,83.24074458019692,81.97070930131726
11,Kodigehalli,Bengaluru,2023,3,76.22287701391879,78.24111712710051,71.45163415698553,84.5682383454724,72.48649850829767,69.08850618797162,82.66444201897987
11,Kodigehalli,Bengaluru,2024,3,80.57881157011612,84.53546728021952,92.58673490617824,86.42263546614964,87.63325428502509,84.17147521801898,93.9565508910787
9,Hebbal Kempapura,Bengaluru,2021,3,49.32127731569575,44.76036850365973,40.85801870449807,52.557969017975715,54.669741306316915,51.190504969790226,34.808580611979366
9,Hebbal Kempapura,Bengaluru,2022,3,52.54546049858879,55.84658027872141,54.24281335365339,49.40007900714693,37.9285111827531,44.43383845179841,62.49101049195549
9,Hebbal Kempapura,Bengaluru,2023,3,55.80803684137687,47.87671913858654,52.86885334802409,60.38682084348001,67.0008722017796,48.17240928719864,40.80895840673834
9,Hebbal Kempapura,Bengaluru,2024,3,52.87611813359593,47.965744765961134,38.263042227281694,53.682106268825926,66.9221475506352,62.02875105904769,54.848466651994606
100,Garudachar Palya,Bengaluru,2021,3,40.802900458637865,41.78035648948986,37.2022728275997,42.9456060763094,36.35195437369973,35.6088829276452,28.651858715489162
100,Garudachar Palya,Bengaluru,2022,3,40.91878494662297,34.45672396310265,55.53886970400935,39.800856084755345,42.19365560682363,48.39115552136728,55.7858519613436
100,Garudachar Palya,Bengaluru,2023,3,48.07707481418717,44.61589530092068,42.249393537605904,46.13114923407838,54.977365321133135,51.720908599289146,42.534257853670695
100,Garudachar Palya,Bengaluru,2024,3,46.276299168400534,38.84281641217582,48.63107441528044,50.144741729526714,54.3007590241786,51.34574138159247,57.46208181537047
90,Ramamurthy Nagar,Bengaluru,2021,3,52.559574209683085,54.94302891699982,43.15877240361356,43.07336710707125,43.94122963676044,51.42024833643547,56.07275254254277
90,Ramamurthy Nagar,Bengaluru,2022,3,47.21953948144903,39.730535279418575,61.12393790567886,39.380430668977176,46.3591822857366,48.93081405731507,48.46077210867218
90,Ramamurthy Nagar,Bengaluru,2023,3,45.82735145442357,37.937020003644285,48.39498197060195,46.714249207109994,35.17698313589334,48.5828342913354,55.42937651609305
90,Ramamurthy Nagar,Bengaluru,2024,3,50.2383817498678,54.0245899919216,42.807739561958414,46.39379985573078,54.78389786944315,58.197087618742536,59.53611435895478
136,Govindaraja Nagar,Bengaluru,2021,3,61.52206766575403,58.81851706991,65.75103350871676,60.84569948830517,49.11951312405647,65.55683314329917,63.216006786218685
136,Govindaraja Nagar,Bengaluru,2022,3,63.33324238896785,53.751924745502514,57.806436926452726,54.470870344520776,73.99433503783294,67.3753914712437,58.27380895105736
136,Govindaraja Nagar,Bengaluru,2023,3,58.17922275014104,63.30429857858972,56.80473263224222,56.424817306774344,75.56841936967308,53.19680474795504,46.792642950038
136,Govindaraja Nagar,Bengaluru,2024,3,63.91306861102332,61.46985288556705,50.774171519886764,60.69917395721467,64.15033478380566,57.1515287436676,68.65613515271808
88,Kalkere,Bengaluru,2021,3,76.32805922632663,73.42263036093088,73.34918423136062,68.63098279423065,91.65900328337558,74.62457233675367,72.94629156907187
88,Kalkere,Bengaluru,2022,3,76.23099867582343,79.19566805198035,63.07438737974705,82.50546555026799,93.85115679099954,79.20630639901114,89.86797654158775
88,Kalkere,Bengaluru,2023,3,76.58482636131573,78.62096104022469,79.03692578395133,74.6140619430966,70.10820273596619,69.12130681232411,73.33709987818408
88,Kalkere,Bengaluru,2024,3,79.15432123143438,73.33093994132618,65.9112803899704,80.20164398777906,82.96351054021045,86.59258245704449,81.46376960396483
145,Vijayanagar,Bengaluru,2021,3,81.76299506179866,82.56857292554709,69.1414036007344,83.0800062680636,98.08373687866515,79.68924757176308,75.65276911879266
145,Vijayanagar,Bengaluru,2022,3,75.24733146588903,73.90276115272542,78.11772619073491,66.85963956928107,92.83007502689566,80.35000381479296,77.84604901439891
145,Vijayanagar,Bengaluru,2023,3,74.5347438146566,74.07152136931909,78.4375376205065,81.10780193702237,85.8735262166273,70.07612880892458,87.76114890143272
145,Vijayanagar,Bengaluru,2024,3,82.48421243274697,91.90301742483935,72.79881812942574,86.92553371682268,64.09563318386691,80.59266893553007,82.97271140867718
118,Sampangiram Nagar,Bengaluru,2021,3,44.67221835638918,48.11723210227308,44.11055689296629,50.86571908170697,62.69353119456554,35.113541330035,59.14785652407034
118,Sampangiram Nagar,Bengaluru,2022,3,43.4567136665912,39.06340871761945,32.42210339920735,42.2538264608679,49.21497684449574,41.0757505670607,30.09367591507217
118,Sampangiram Nagar,Bengaluru,2023,3,44.33687863501033,42.001185953955364,35.826861963935144,43.18842555366663,26.271387076961563,50.74663032461582,54.12710296351593
118,Sampangiram Nagar,Bengaluru,2024,3,38.84387476328748,44.83954205220315,40.4844855069385,45.3625209342878,44.10222646660831,44.531984227543425,41.80076455982028
119,Shivaji Nagar,Bengaluru,2021,3,67.56308721525183,68.38536371282872,70.71577277146798,61.972840003546814,72.58911879234289,68.9952402049107,58.10823915366257
119,Shivaji Nagar,Bengaluru,2022,3,64.02722181313817,69.30106720014459,64.72926294079842,58.562674319531084,70.68810088085957,55.629336345330216,62.28223295719681
119,Shivaji Nagar,Bengaluru,2023,3,59.82821912658929,53.87409810975336,56.429430837908626,50.85122323899724,55.73995676375321,60.0623680688833,59.327047675579045
119,Shivaji Nagar,Bengaluru,2024,3,66.37509469669799,59.28162854510807,66.5459970101392,57.61592303582907,49.22132185181437,67.8524116902399,68.35564744333261
59,Subramanya Nagar,Bengaluru,2021,3,59.36223189829579,68.5580523063928,45.82307735029368,51.32238559391061,41.124866361111046,53.06776890496659,60.600335226546136
59,Subramanya Nagar,Bengaluru,2022,3,54.23934672118175,63.15876451809373,64.50430802069317,50.171596364323605,37.32684793024046,47.63708818556289,43.047679133830925
59,Subramanya Nagar,Bengaluru,2023,3,58.9691120283524,53.886060878220405,54.71330352422673,68.75921869603884,66.3416819853662,67.94872536929242,48.24580867934587
59,Subramanya Nagar,Bengaluru,2024,3,59.330813174518596,50.865974412293355,44.456436483357336,62.739499850456944,65.00359384657601,57.54658937451083,59.020135455479576
58,Kadu Malleshwar Ward,Bengaluru,2021,3,45.23490191963175,41.942334043981,35.54736958155045,37.20338570165913,63.503719275205746,47.22209642047507,52.09459044672983
58,Kadu Malleshwar Ward,Bengaluru,2022,3,48.926322766123015,43.66480264405749,36.83529289508576,42.50695551495469,60.82688457798245,52.47723886979853,50.334189045687324
58,Kadu Malleshwar Ward,Bengaluru,2023,3,54.219194307744104,45.673893263317474,47.63721870488158,51.217951379158386,65.51622679625561,64.06948671098353,46.4393097504587
58,Kadu Malleshwar Ward,Bengaluru,2024,3,53.30107907550077,47.79422702833611,50.28105648147745,51.49453646135116,72.4299058165631,46.91891710307874,62.27581820864424
172,Agaram,Bengaluru,2021,3,47.702644987777326,46.10286507369058,50.053437881273524,54.354880454299945,59.86926758713269,55.03110865857133,34.4911647481171
172,Agaram,Bengaluru,2022,3,41.79381529723335,40.110186657601574,43.251467748874006,39.84860499216997,42.578282329353655,51.72434147320573,30.850334708618995
172,Agaram,Bengaluru,2023,3,44.35395119387188,37.014147172018454,34.11605409510116,53.33941331878422,59.53801106234236,52.49479040217231,59.099934468693476
172,Agaram,Bengaluru,2024,3,43.94833490365634,47.332715502153675,43.46241109947576,42.31612557122301,38.260784877080056,45.82394754252538,46.2161377628588
129,Dayananda Nagar,Bengaluru,2021,3,54.910081088347646,55.97951661254464,57.018689250289356,49.11222494659468,64.60093677843912,45.41406298476904,50.55503675464253
129,Dayananda Nagar,Bengaluru,2022,3,55.83161192371728,51.05486057393449,61.68020550400871,57.17943080683875,67.68135630197277,60.53211564751375,59.13484958480432
129,Dayananda Nagar,Bengaluru,2023,3,51.52450396983849,46.751164327546164,49.09748815735105,53.510489709966265,52.07281817845069,47.28819448902908,36.71843470352981
129,Dayananda Nagar,Bengaluru,2024,3,53.048942598785686,57.741108612996385,38.76733055690019,54.7454988249015,70.7079120990283,46.537127941015676,52.19842732130355
5,Kogilu,Bengaluru,2021,3,83.68775579867689,84.69838941060141,80.90872152506186,84.11529622815172,99.5507421374373,77.61364184489823,69.36469114983731
5,Kogilu,Bengaluru,2022,3,83.20210749994243,91.01527660917928,86.11046420233761,89.40532929913648,80.38904203414835,88.1993061257078,95.5933515066381
5,Kogilu,Bengaluru,2023,3,79.23878818168717,74.61474048229113,70.19812548860935,74.17592873360182,71.49540615572863,80.34146391675094,81.87853706560216
5,Kogilu,Bengaluru,2024,3,83.58514447427171,75.21664298649904,71.21879158601652,77.02173368142488,84.30824439588551,77.86503804823799,77.08367657904904
202,Uttarahalli,Bengaluru,2021,3,57.662793181037785,47.94003589929498,62.144157788136454,61.04032380185149,69.60902439530324,66.31785196224405,43.26692864951648
202,Uttarahalli,Bengaluru,2022,3,58.40584488149392,57.576216125234225,60.34356404949783,61.66638895595687,65.56850906131942,67.04065294782409,73.314327403844
202,Uttarahalli,Bengaluru,2023,3,52.41634403298549,60.01139207887236,38.89297146920834,47.03796109047542,68.31177273153409,47.54017432177259,44.035875821637944
202,Uttarahalli,Bengaluru,2024,3,58.13524951740315,58.136414701224886,63.3820456090278,52.916577198903745,68.45686635785181,63.33536041664512,52.51319026465216
147,Hampi Nagar,Bengaluru,2021,3,60.44248075275348,69.97370121921156,64.81055806450583,69.13335836706379,52.577902497918814,66.08029901269128,68.41824006929573
147,Hampi Nagar,Bengaluru,2022,3,68.00196773111948,65.87307445324579,56.923487438812195,71.4361449160007,77.17435975020773,69.50317920029578,59.20650452512137
147,Hampi Nagar,Bengaluru,2023,3,61.46747534414277,60.01680590747655,65.8240326194827,66.37177019795946,50.756462980196495,59.573982557081834,54.542322473891645
147,Hampi Nagar,Bengaluru,2024,3,66.17945017840985,74.3645040671497,62.28641574894715,71.2050286658852,82.05926175298629,73.10193438901447,56.66385183458663
153,Padarayanapura,Bengaluru,2021,3,70.40261755457762,67.18743077805435,57.275557372911024,70.12609063667527,54.76316218021476,65.37341397312613,64.91089620759605
153,Padarayanapura,Bengaluru,2022,3,75.39073965424197,71.44006600347136,86.15168329157919,82.5353584016378,85.9767776696369,68.3246419345456,81.10042506126383
153,Padarayanapura,Bengaluru,2023,3,73.46125793795457,70.09359492011124,73.47863746087951,76.37575880497565,73.8840742870947,65.86031677257397,67.8231792775152
153,Padarayanapura,Bengaluru,2024,3,75.25003361123817,67.99603426554957,88.8216361831999,71.82648596821035,81.74258316046696,80.28653653037179,84.60842065037467
146,Hosahalli,Bengaluru,2021,3,54.492527587356456,61.66265667838755,43.44313469044267,58.59334571442831,64.17163676791589,58.04699241138287,47.06196967141105
146,Hosahalli,Bengaluru,2022,3,53.051916740772185,44.124612571188806,59.57586645912955,52.56143104542686,67.01583753911922,50.71985956193736,43.10027439600357
146,Hosahalli,Bengaluru,2023,3,56.85242842346895,50.636344271276045,63.46394838106232,57.07470119325896,61.024947713081744,56.07039518760059,66.71369793800915
146,Hosahalli,Bengaluru,2024,3,58.45722032531209,50.56524787324134,68.62283618243416,61.877479935970285,66.33818696548407,55.716877133389524,69.8356070100223
187,Sarakki,Bengaluru,2021,3,79.85609838773517,78.01165907585843,91.44750924653943,70.80003242168276,98.31276317341715,83.43934975412643,83.79737771703647
187,Sarakki,Bengaluru,2022,3,81.218111609835,90.05927599960691,75.16628523685868,86.728217544215,76.94298353811817,74.00319302552909,66.53957054069578
187,Sarakki,Bengaluru,2023,3,88.48798190793256,85.87070578411665,84.20375192772391,85.3698142649214,89.3097354001269,87.30127957641844,99.885420709743
187,Sarakki,Bengaluru,2024,3,83.80777210432892,76.57520399874005,98.28995833164049,78.80722992170551,66.74233480271303,87.0706970838331,86.66876320903509
184,Jayanagar East,Bengaluru,2021,3,82.53205061120178,88.2333290321304,73.40342981419126,88.93711699009958,88.4819351670025,80.91144608679227,81.27290910871784
184,Jayanagar East,Bengaluru,2022,3,85.83127159936475,86.08876644547011,80.45690788186006,87.75227391458375,100.0,84.53651719249584,98.45201362272334
184,Jayanagar East,Bengaluru,2023,3,78.85745534164487,72.94229746901344,76.41830964147539,73.25015391353625,58.866536870375086,87.1574860965954,89.17383767857274
184,Jayanagar East,Bengaluru,2024,3,79.98827422885529,72.39554575305502,67.01641671302679,84.46885800431372,97.1405926563707,78.59899064711603,68.56249438873674
176,Adugodi,Bengaluru,2021,3,49.818522386727686,47.31502087372764,53.458441111398905,54.19288465197173,34.24266634165412,40.53032700285721,64.64843146729913
176,Adugodi,Bengaluru,2022,3,46.86850856122598,40.66601514314438,33.037243951679905,44.704726453569414,58.96457993927895,43.69339755638039,45.19401076757698
176,Adugodi,Bengaluru,2023,3,51.419144012840185,58.64805773326667,62.40021426421288,41.61735792266326,62.54099627216815,50.63381601767367,66.08436025195007
176,Adugodi,Bengaluru,2024,3,56.19916276602436,61.29054999013909,48.65730930442355,56.96706235176351,75.88458834516767,63.34977492106283,44.12016957976099
174,Koramangala,Bengaluru,2021,3,60.831978623865474,50.97162386147244,57.93640769467547,55.5270670583649,73.58674944468433,57.57859080078079,70.65768944247999
174,Koramangala,Bengaluru,2022,3,60.45437426541854,55.27767855157377,52.46139509747687,51.81810666072779,47.93934508183861,61.56536566313093,54.19520645055087
174,Koramangala,Bengaluru,2023,3,61.14485156862923,68.66295006862711,73.30382153894469,61.00399100174643,54.351089581253405,53.2808656486765,74.74693795009208
174,Koramangala,Bengaluru,2024,3,60.35268554084015,56.31400956424023,54.964724125046594,53.638422406288335,71.67914277778803,52.802642780159935,64.39988531543503
173,Ejipura,Bengaluru,2021,3,49.244880317684206,57.43347039140174,39.94874330724538,55.66988340887829,51.03011516196964,40.8020107098596,62.90832606082623
173,Ejipura,Bengaluru,2022,3,57.135977395280705,50.51217751097199,67.7542638595363,47.40055365338658,57.607195658059936,62.52482898371184,70.1798429200642
173,Ejipura,Bengaluru,2023,3,56.735772637231086,64.49959963045717,47.712363212343384,52.41945855146566,48.294513634073425,54.276851257265065,53.53539274878675
173,Ejipura,Bengaluru,2024,3,50.13832157541905,53.963254851138835,40.165317754554245,46.34449121751,50.27212679966521,56.06713280588859,57.322398572580866
213,Jaraganahalli,Bengaluru,2021,3,49.375554852787744,50.3164617650993,36.998949906784304,46.922818388720756,45.916216064386106,40.17178364170282,42.595197836886896
213,Jaraganahalli,Bengaluru,2022,3,57.354148325282935,54.40068941033372,43.64715159373266,50.93604711184656,53.04286006262454,66.30974228466754,46.59012023139849
213,Jaraganahalli,Bengaluru,2023,3,48.90464764073296,58.5297991885585,45.35314261400701,54.409338418714086,42.60829095317823,51.458025183909136,39.665130182934064
213,Jaraganahalli,Bengaluru,2024,3,57.19846364266735,65.55140920075601,68.82253184905382,59.707132645999216,69.52919209131848,48.57920238089485,52.24213489938772
214,Puttenahalli,Bengaluru,2021,3,43.016365850480106,40.135521319892916,32.47156929979053,44.94570735875098,55.59172267724337,40.65883573967957,31.984427303434558
214,Puttenahalli,Bengaluru,2022,3,39.03474568264782,35.03269754253854,43.318597797837086,41.053655373402194,46.87794014532938,36.28478537327808,48.75467523904717
214,Puttenahalli,Bengaluru,2023,3,41.35032010613551,47.36909453696412,31.75507953811409,33.54758238095117,56.6976788136551,38.20891336131943,46.866423853406474
214,Puttenahalli,Bengaluru,2024,3,43.56038151504847,39.88240774598788,30.232607122671723,45.75663674601081,33.1925341579754,41.29652635608607,30.977805883643878
215,Bilekhalli,Bengaluru,2021,3,65.4101673840538,57.205357395256954,77.73495532464327,55.53110824773337,64.76457613862627,57.87511654670484,59.64054006839226
215,Bilekhalli,Bengaluru,2022,3,64.04734056183523,73.36398695620188,55.22117187151788,68.87866273117181,65.9144311577277,71.73691511377041,65.66713822692915
215,Bilekhalli,Bengaluru,2023,3,64.38497503277937,57.70956227381254,76.8796495662448,60.94173900978005,59.2682652312952,69.58144820134713,59.54967950546359
215,Bilekhalli,Bengaluru,2024,3,69.80967271908337,71.75825757055176,81.23652753542594,60.80179088607302,60.092180406651714,69.11039940350156,61.619028903228994
216,Hulimavu,Bengaluru,2021,3,66.81263635583602,65.28803875445449,62.07661435919287,76.04365099858734,64.60673366893765,66.59360436482169,62.36213252609318
216,Hulimavu,Bengaluru,2022,3,63.31011087811728,68.55360262175017,72.66431242864387,60.14709171646244,60.65788413093248,70.27954636624257,59.20777142839159
216,Hulimavu,Bengaluru,2023,3,67.03047927104313,69.49468673240327,74.27929789459981,73.13242551186583,80.83206522690884,64.93154602817906,53.56838304632308
216,Hulimavu,Bengaluru,2024,3,64.35811834313967,63.36512605875552,71.82701286895163,61.497766932512945,69.74788398730084,58.086514440219155,71.83920144248837
217,Kodichikkanahalli,Bengaluru,2021,3,39.357187691715524,35.19541116167167,46.815448949170495,39.00921240494594,27.998445307438413,48.702611499121474,45.81093828622216
217,Kodichikkanahalli,Bengaluru,2022,3,41.58759425985295,41.08960107368736,53.52625074540352,42.088581064760646,49.87875073607964,36.63105180976355,39.989388320932164
217,Kodichikkanahalli,Bengaluru,2023,3,39.376344165019134,29.395212470371757,25.55429571447894,48.92202062855772,29.070491970489627,42.64255835509917,49.54933512900748
217,Kodichikkanahalli,Bengaluru,2024,3,38.84798880708908,43.410317553812405,41.85553111007657,43.473000594036584,49.637853721372565,48.35619616078398,41.05488720789038
219,Hongasandra,Bengaluru,2021,3,54.02373645964988,45.39255064450241,65.94565600929747,46.41135668641382,47.13744997508261,60.3386440721723,56.94310780957124
219,Hongasandra,Bengaluru,2022,3,52.27344748439773,59.364395348441334,47.47357906619449,59.66644118064116,35.79882472346539,57.80941622857034,62.69987647603982
219,Hongasandra,Bengaluru,2023,3,51.84255621436952,45.15255170764264,58.040680084196055,52.54951157560266,57.255490082702366,45.77229555349375,43.194932075942106
219,Hongasandra,Bengaluru,2024,3,50.75976624260481,51.95465946927831,61.49781366252468,54.098315191778426,48.17561917859487,59.822168530487566,57.33712225987976
218,Bommanahalli,Bengaluru,2021,3,81.14784460122108,76.32593009708387,67.73264519216274,85.6695416308981,65.99996452144245,77.20334716666042,82.121971837738
218,Bommanahalli,Bengaluru,2022,3,81.87779683837078,75.2029034453648,78.26991898302025,84.22168138071012,100.0,86.43041959236456,94.55590955118952
218,Bommanahalli,Bengaluru,2023,3,81.78913455742342,75.62960194015031,86.78970411419881,84.25672587662157,85.88790137571408,81.58485191718825,82.6488326771017
218,Bommanahalli,Bengaluru,2024,3,81.06509179492245,75.01620990849202,90.22032371573376,74.78063088889661,64.46374339050111,79.79001232206559,85.81431498010431
2,Chowdeswari Ward,Bengaluru,2021,3,48.54782639952684,49.711250077335656,43.95789646189284,57.2051802020595,65.45363198366972,48.59526279896875,43.3843462200746
2,Chowdeswari Ward,Bengaluru,2022,3,46.14741451484442,45.64279463571744,41.23711634295442,54.558132216895515,26.627535605751724,47.2037120292114,53.367321946843205
2,Chowdeswari Ward,Bengaluru,2023,3,46.634315381640974,56.08354318219902,47.17462832292391,48.9180402680212,36.09870668994127,46.30427708377705,44.50880014039063
2,Chowdeswari Ward,Bengaluru,2024,3,46.84188861548843,53.59133900786392,39.036487181686134,40.74105404546104,47.038346665494004,52.21683124273869,33.70028417285807
4,Yelahanka Satellite Town,Bengaluru,2021,3,42.71237367251077,33.44159468902314,29.294692237377294,49.395655836679595,27.431273017633234,33.61540096075661,40.84937028679814
4,Yelahanka Satellite Town,Bengaluru,2022,3,44.14435300899806,42.57860535951639,30.342028985910595,43.12592329169558,47.248876234483404,45.56249408404096,39.11715377422902
4,Yelahanka Satellite Town,Bengaluru,2023,3,42.58650543347102,39.922471846396384,30.57134549965996,47.918424327712046,61.23747734339845,51.987994566805156,53.53863841473283
4,Yelahanka Satellite Town,Bengaluru,2024,3,48.52892621654384,44.23304227015212,52.452038821722454,47.641917205341386,47.80961980762114,53.684457424047,41.98647688446139
1,Kempegowda Ward,Bengaluru,2021,3,66.2717921237767,57.39627802079615,65.84082107617692,74.52780813193394,70.68631243650299,67.19993360801935,58.76411750065736
1,Kempegowda Ward,Bengaluru,2022,3,65.54585837053726,66.73022100590643,65.98812418324066,57.537452641337836,46.18698462874218,74.81956214427825,61.85544338914251
1,Kempegowda Ward,Bengaluru,2023,3,57.82252494436318,61.48481065882412,70.79952620554201,59.335830004311575,42.8671378393796,59.456955493832716,65.81294133750275
1,Kempegowda Ward,Bengaluru,2024,3,65.82375169190502,68.79741075905231,77.80121924058109,68.29385791685176,51.075270572097985,62.0175859140088,56.87760013947872
65,Manorayanapalya,Bengaluru,2021,3,86.95827110785186,90.48623848605197,80.9872606968005,80.63916654885612,97.21631462740834,86.44143002543345,78.73195767237073
65,Manorayanapalya,Bengaluru,2022,3,79.75760895636154,76.2810140389266,78.81431879409558,72.71677563854965,99.14378805999512,73.93955624815382,68.66820285765951
65,Manorayanapalya,Bengaluru,2023,3,87.04488176657426,85.55499495201111,89.0073599591504,77.46506490630148,68.42213410950684,85.96139276311459,96.54453906262297
65,Manorayanapalya,Bengaluru,2024,3,80.22133611093342,80.98859815295387,92.61822669931153,77.98079119889115,93.40396936806818,72.89524919892214,93.28317080096738
10,Byatarayanapura,Bengaluru,2021,3,55.305831145886536,58.83817581693667,51.207949105869346,64.06945459638098,46.32850219825367,51.949281587121185,61.330083685938746
10,Byatarayanapura,Bengaluru,2022,3,55.18652205650906,49.28257023763325,64.12646311308578,59.95744312444833,37.73830430665298,52.930984880713204,48.66948576831202
10,Byatarayanapura,Bengaluru,2023,3,55.72195601356453,58.57750428316309,62.25224074736951,65.25430875986471,50.81002731187007,61.75875938262065,53.75788491269939
10,Byatarayanapura,Bengaluru,2024,3,47.69906263113055,56.65278617241614,39.262213883456944,44.22347277074918,57.94675199540177,45.574165462438685,50.94540393412395
14,Kuvempu Nagar,Bengaluru,2021,3,72.66979900416236,67.23642405153457,59.42353862126867,68.66838695362368,71.64214559889956,66.03020004801593,68.31371769385402
14,Kuvempu Nagar,Bengaluru,2022,3,65.82001807014727,67.48616303383136,77.3503209092859,58.85487632920832,69.73233860620783,69.11480216836419,63.400058482725925
14,Kuvempu Nagar,Bengaluru,2023,3,69.35341506817466,69.44616082772336,54.57400640480746,73.18781735086843,75.80712222596364,60.12143261470155,65.40091829002864
14,Kuvempu Nagar,Bengaluru,2024,3,69.4534652589507,69.49237336158754,81.75137000374225,73.79870277626583,72.73627050391964,75.40955888577216,80.3844532526299
13,Vidyaranyapura,Bengaluru,2021,3,74.02396633911064,71.74498505214736,88.02515053966445,77.96729142491765,57.35288898743353,81.28315880537102,73.44076456419869
13,Vidyaranyapura,Bengaluru,2022,3,74.7700552414254,73.11334082093944,86.10253738730414,68.84994731361314,87.82863962111271,75.92382906513446,61.40836433782947
13,Vidyaranyapura,Bengaluru,2023,3,74.39903513082429,70.21657221545594,73.48124039050202,81.55619080117407,66.59516010622683,68.25256306055829,63.27117253875073
13,Vidyaranyapura,Bengaluru,2024,3,77.07336356019272,76.50589086409795,68.89781167099892,70.3970635523877,70.38254262060788,85.87185101790689,72.36416493789345
12,Dodda Bommasandra,Bengaluru,2021,3,50.545994037311544,44.12927240311456,62.28019679111682,49.753101500008086,58.932847777492526,60.220225701494584,37.05125454691076
12,Dodda Bommasandra,Bengaluru,2022,3,52.898256894285545,48.53475696019498,43.42729880278851,43.685494490680135,33.772125373733616,58.38796895668136,41.93125971537204
12,Dodda Bommasandra,Bengaluru,2023,3,51.75265763145281,50.31969364282973,37.56585720153981,57.42268768321099,32.17318661311895,56.990455519002495,63.551792445096495
12,Dodda Bommasandra,Bengaluru,2024,3,51.04911421063596,50.58878206298904,47.72537276933913,58.79760491804317,66.80645463743559,47.765441503466654,54.5012068310769
8,Amrutahalli,Bengaluru,2021,3,77.3903206769472,77.56950148538814,75.975064835477,72.96420699551771,95.7451956045636,70.24660676640454,79.78520795837895
8,Amrutahalli,Bengaluru,2022,3,70.55981859101165,68.65919033853541,85.52360666548128,61.65914472780809,73.70149131915291,62.21126175171719,60.195443490727214
8,Amrutahalli,Bengaluru,2023,3,72.8743370009981,68.05018516828858,67.36805092723058,64.61367740611675,65.00312835476812,82.20550578860897,86.21555845117254
8,Amrutahalli,Bengaluru,2024,3,73.4782750503213,81.67018287254018,58.6637897295482,79.69194645707313,91.41305716187806,65.30478973699245,63.32170563130893
64,Vishwanath Nagenahalli,Bengaluru,2021,3,56.92564240876986,47.20957509820433,49.654602371675736,55.92451589414705,64.64199884976057,61.58884997150585,71.78828779653355
64,Vishwanath Nagenahalli,Bengaluru,2022,3,56.93244199105115,57.59891294824325,54.101799774468276,50.315679867899554,76.03070451840486,63.99878572438287,56.88243283987826
64,Vishwanath Nagenahalli,Bengaluru,2023,3,53.82285150796302,54.69859291579796,59.6719555016073,54.1261920756948,73.43425833136067,56.04968463291755,49.9520628857281
64,Vishwanath Nagenahalli,Bengaluru,2024,3,53.254866088182816,50.945182362308145,48.66363459951039,51.89100799033836,64.52605912533187,52.938326731450964,62.0752995961617
46,Rajiv Nagar,Bengaluru,2021,3,66.87445672328663,73.07403159695608,59.023146839879374,61.362116319282535,67.05457368548005,62.09144164252841,52.14706777182312
46,Rajiv Nagar,Bengaluru,2022,3,68.56470059143504,67.47505688129826,82.57375602998451,69.98868427069331,83.10196370301043,61.35370531553824,70.64089448531787
46,Rajiv Nagar,Bengaluru,2023,3,69.28481994951005,73.64510351205008,65.44612698387627,61.13381029025138,67.60083175459292,67.1744077662872,80.29662542087847
46,Rajiv Nagar,Bengaluru,2024,3,73.12110465206214,82.28386704815208,65.5500539442053,70.08214376160855,88.94333428701754,82.45354906998429,71.42427773714347
6,Jakkuru,Bengaluru,2021,3,68.76977711675568,72.52516124407038,61.97401257800507,73.49924060913713,50.836071401341314,59.755666972044004,65.35840827112203
6,Jakkuru,Bengaluru,2022,3,66.66516913791179,66.48556439128998,61.28717660725893,60.51032750727363,59.043951101455825,76.1632545941165,63.998571647757245
6,Jakkuru,Bengaluru,2023,3,69.27428688375166,78.94110225203619,61.522325176824545,72.89992909440033,77.91367462542063,71.42077521961298,56.931637072850975
6,Jakkuru,Bengaluru,2024,3,64.14978409460201,66.07263708559995,71.3372194112543,58.36918190700102,77.81466439631298,54.7568602052621,74.46417000435119
91,K R Puram,Bengaluru,2021,3,61.28574018268057,53.96130308255993,74.88495521015174,52.7390519343037,49.24947698011759,58.24218713134149,64.89278565151419
91,K R Puram,Bengaluru,2022,3,60.36629570748727,56.16085538225156,52.528848840067994,54.63715279729409,56.812069166686754,64.44692475932041,51.889883674004345
91,K R Puram,Bengaluru,2023,3,63.01903505177575,72.54816564048396,76.65902575814782,69.02178670681727,52.68539188454316,54.379781333609145,57.5261591833945
91,K R Puram,Bengaluru,2024,3,64.16911878482807,69.72367698618393,74.91880695119382,71.06640049303824,58.55614123375078,67.91380565404174,58.554144710554674
92,Basavanapura,Bengaluru,2021,3,46.0786923084778,36.275243359873556,43.35416993223245,42.66627769451931,53.8137938492319,51.40360176368537,40.20153138761631
92,Basavanapura,Bengaluru,2022,3,42.00220725749771,40.928734457228934,48.81276306792172,45.86061184199348,61.49694614998571,36.50542774181635,46.87174466368518
92,Basavanapura,Bengaluru,2023,3,48.21402419734867,41.34126703024617,55.76796910495666,49.57939652272404,39.20065898886489,47.70272248029215,43.2273221094426
92,Basavanapura,Bengaluru,2024,3,47.95304576059503,49.339145448839076,51.90471831039255,48.32800270288922,29.999666018414068,42.61021689811692,47.71309764355752
99,Byrathi,Bengaluru,2021,3,74.40624827912765,74.48890511749642,69.09054208256316,69.56840114259595,72.96566497674289,67.07193344077112,87.23862027138986
99,Byrathi,Bengaluru,2022,3,79.66481815892107,71.7890947106902,87.94113579301185,85.82396472110145,90.37540286749457,71.94413590130588,83.98205687095401
99,Byrathi,Bengaluru,2023,3,78.36214631371239,81.29029381827417,77.11305069650157,78.93629271139343,59.7372206477814,81.14140675317807,65.80556270044715
99,Byrathi,Bengaluru,2024,3,75.51516327818979,76.42372228242405,64.517653343886,79.34803131765615,87.3156247553286,68.78225227305292,63.644555898746255
97,Kadugodi,Bengaluru,2021,3,58.206378542713125,58.77016377784025,57.224208422938204,50.34061492476021,64.18861881299159,65.56637038061493,68.05195462241672
97,Kadugodi,Bengaluru,2022,3,50.18789009024485,42.43583063376511,36.66715970353959,45.33747442009424,35.61434877665996,45.38885089529353,46.7396317618137
97,Kadugodi,Bengaluru,2023,3,55.53886352154503,62.23833923520428,61.849408542915,47.78892613207767,64.97567977650299,51.04084115272752,59.71209893138622
97,Kadugodi,Bengaluru,2024,3,59.4118255563747,54.68285514631026,52.78573967960279,68.02527066762266,40.39760174182761,63.34560531383864,66.17161727845104
72,Devara Jeevanahalli,Bengaluru,2021,3,53.1377260743782,62.64976445751125,40.096028801372114,59.57451252943625,58.990123420673456,56.084568761840025,41.98822387281905
72,Devara Jeevanahalli,Bengaluru,2022,3,53.21815877400592,61.45453016479486,51.392078598151436,44.01711823972781,47.70989837401412,59.74596500601703,59.263131817960904
72,Devara Jeevanahalli,Bengaluru,2023,3,43.944348319581756,42.482242876047806,43.01509651111826,52.515458977464476,49.58779246286814,40.17740665267473,44.703896253103395
72,Devara Jeevanahalli,Bengaluru,2024,3,53.11901532449081,50.32021336310533,52.45503597188488,50.22469480922926,60.41948452913881,56.363658491082674,59.578684640364884
73,S K Garden,Bengaluru,2021,3,39.99156618160504,32.496590803529195,44.65686533698842,30.787508728318087,43.898859602543396,47.385483878637714,51.716530630294045
73,S K Garden,Bengaluru,2022,3,41.42791825209512,32.967301912255465,46.55086901538619,47.853106659552026,31.21412043628364,39.85393588476241,51.59309835505323
73,S K Garden,Bengaluru,2023,3,39.26668117260664,40.278093863433924,30.04147569168145,31.30425645539777,55.71150122828494,45.67683125724882,47.06772822670186
73,S K Garden,Bengaluru,2024,3,45.27216929706695,44.033050815174626,40.54402299594274,46.20169651757448,28.926299006009184,50.40510028411493,47.745221603715834
38,Laxmidevi Nagar,Bengaluru,2021,3,63.472504441161334,57.157477472614815,50.18257606771935,65.22847342859504,77.08643154470167,53.82246872090911,49.94264379029954
38,Laxmidevi Nagar,Bengaluru,2022,3,69.7851392973314,66.31991710870408,65.27357126156306,71.71206924726691,60.75365486229728,60.317306618885084,76.84199484037927
38,Laxmidevi Nagar,Bengaluru,2023,3,67.39774243402746,72.23142501386393,72.65466756088858,61.51538219759389,61.49698431176151,59.919945267599964,56.293452836563894
38,Laxmidevi Nagar,Bengaluru,2024,3,70.17618351329587,79.43083519051865,74.0265970397792,63.85820998051501,54.40219733125309,76.43320294403102,72.53887780409585
40,Chowdeshwari Nagar,Bengaluru,2021,3,73.3050171704498,77.37056172509884,83.3387647561327,64.42929527964736,83.20584264031,80.3220723168917,66.88906844419924
40,Chowdeshwari Nagar,Bengaluru,2022,3,68.63201692127242,77.7914382509215,54.634724094337535,70.22787379793152,55.29215880325303,72.8764210248156,58.90872542383229
40,Chowdeshwari Nagar,Bengaluru,2023,3,70.43410439336029,78.73080339329785,61.78553555779941,63.318904815722355,80.79317766752152,70.44649504003891,82.78765776481343
40,Chowdeshwari Nagar,Bengaluru,2024,3,71.9496752131331,66.6072581361694,61.65248807268229,75.61826351627852,75.69706000948244,77.04622438037973,66.23355250651858
39,Laggere,Bengaluru,2021,3,39.801169065057714,49.482958344387995,33.56863776723935,35.69751383199305,33.98309741820201,41.093050690864146,32.37085139297007
39,Laggere,Bengaluru,2022,3,38.40330795041616,46.31962258162005,26.507559859813703,41.53456199840921,54.68272868794591,31.778296718380755,52.453116753393815
39,Laggere,Bengaluru,2023,3,45.20360338616378,48.74000425876471,39.25120948237033,38.9696538845059,37.35300523516776,37.06395157141728,34.51964237646367
39,Laggere,Bengaluru,2024,3,39.9758877391691,45.887455264320835,29.21739436565931,32.582296402615825,45.713045719862336,33.919547378530424,27.904188882438852
47,Dr. Puneet Rajkumar,Bengaluru,2021,3,67.2815015822354,73.71092663775923,62.90343845288823,70.39791692878326,68.77252852895693,70.82398685188669,72.76163615611819
47,Dr. Puneet Rajkumar,Bengaluru,2022,3,60.70520130884073,51.48532972409709,59.372204768543995,68.5246790026548,63.485091649583765,67.35302214287888,75.45393159767758
47,Dr. Puneet Rajkumar,Bengaluru,2023,3,64.96196401488747,68.44783548888796,79.36062743563582,74.67397869394348,72.42910848385264,59.83425985453135,73.91863915880543
47,Dr. Puneet Rajkumar,Bengaluru,2024,3,65.85118066518393,74.05510314807786,62.33618250823699,68.46388656484554,63.05688994905698,64.6064817649465,60.16230733842753
49,Nagapura,Bengaluru,2021,3,54.55407552557226,63.369092710261484,44.797514071820274,62.04894851870358,64.05133318265715,49.610823539378046,41.572613913217694
49,Nagapura,Bengaluru,2022,3,54.31439225172247,56.97796574963791,60.94603207865862,49.457439273904384,63.089918474715276,44.876822377280945,50.57403262491288
49,Nagapura,Bengaluru,2023,3,46.65327553932041,53.113347028259106,38.704214503677974,49.698897795689334,42.861161242333594,48.574147448873354,34.87679211818765
49,Nagapura,Bengaluru,2024,3,54.28795415771022,49.68055433305388,63.878264241123986,64.27496016715422,42.74520447766666,49.59136898137733,59.173747786750184
48,Mahalakshmipuram,Bengaluru,2021,3,73.1909190503327,73.2484294516444,82.04422752613443,65.90583611233072,92.28844641849318,82.47798373105243,63.10278778670782
48,Mahalakshmipuram,Bengaluru,2022,3,65.03432554349293,60.46867752145652,74.51299922594913,62.600637686798116,48.57020422936326,61.87883603907102,79.47582557073133
48,Mahalakshmipuram,Bengaluru,2023,3,68.19438503248682,61.525155302432225,82.77968895099767,74.6113652177494,59.453477130523595,59.59575894691061,54.89315175381356
48,Mahalakshmipuram,Bengaluru,2024,3,69.84046140456947,78.41572982867932,69.742764244749,76.69937105369341,67.67592619896178,74.01213231992597,76.79664352316449
50,Nalvadi Krishna Raja Wadiyar,Bengaluru,2021,3,46.458649894982734,49.20469302574321,33.57954814051372,43.689453650241866,47.85062854623043,56.383139755875504,45.69465677365596
50,Nalvadi Krishna Raja Wadiyar,Bengaluru,2022,3,47.16716215589079,53.094976608284966,50.029606204494044,54.899070985938764,43.604864249895186,49.25325055232037,51.067722574455615
50,Nalvadi Krishna Raja Wadiyar,Bengaluru,2023,3,44.28960974209943,36.16079788034614,29.789756260088424,51.76029502700372,33.748606231647216,38.51974472773479,51.3706717548814
50,Nalvadi Krishna Raja Wadiyar,Bengaluru,2024,3,47.90693622934298,41.15715753529211,61.69930787320206,54.93856422968773,62.45852114794311,46.042411200783086,55.77777264055817
109,Benniganahalli,Bengaluru,2021,3,66.17838824052876,56.577846892089326,68.77644036266557,65.28628634548758,66.89900219686956,56.32765104887315,63.85898683025153
109,Benniganahalli,Bengaluru,2022,3,70.51913523428532,75.16351936052976,62.50970416619036,76.78197532391982,74.0563848524234,64.73439722288344,62.62074950990031
109,Benniganahalli,Bengaluru,2023,3,74.3915941467354,72.7041497873185,67.14060702056317,81.7318262849474,81.1623258167688,73.35330389239692,74.02860000511446
109,Benniganahalli,Bengaluru,2024,3,72.3602245152594,69.53507472611717,87.22957981548988,71.96389482049716,71.79564876284394,73.67726026347285,84.86290460882181
110,C V Raman Nagar,Bengaluru,2021,3,56.914391281502596,61.288376600958514,59.50145624492545,56.761732255527576,44.60702219287661,56.193116550600415,49.28894889217983
110,C V Raman Nagar,Bengaluru,2022,3,55.75715871848765,64.8024390091551,56.74881742132899,58.388046292010856,57.47477649806076,48.34477105782167,52.03179528872588
110,C V Raman Nagar,Bengaluru,2023,3,58.632631025358,57.57011492936678,66.9721801724861,53.042040645345395,45.2152733625314,56.75927564463336,71.43019252190943
110,C V Raman Nagar,Bengaluru,2024,3,56.59232683145337,56.937770226539584,44.11871716676632,66.28384475897563,63.24861901925013,52.30040820072182,59.166578657910705
194,Chikkalsandra,Bengaluru,2021,3,86.81121618122889,80.30691593889621,91.25212572288531,81.72030543200749,95.51367148717031,92.3476435260345,92.01380804857186
194,Chikkalsandra,Bengaluru,2022,3,86.07754043267317,77.65007465246833,81.00498340607903,81.04329002529009,100.0,83.86533602601064,93.05592140988514
194,Chikkalsandra,Bengaluru,2023,3,79.27366186792683,74.05361547215786,72.71219877451786,77.49620743311442,68.64666449394791,69.66669152286379,90.6554535721427
194,Chikkalsandra,Bengaluru,2024,3,80.56855336346874,77.3386909519782,65.78130774669987,84.17356713007622,93.58614919341389,73.5007193706688,70.35854384448326
221,HSR Layout,Bengaluru,2021,3,47.351349970111144,38.248561122665485,51.027759683979596,43.52970442698646,42.100356188944986,52.74597833604875,56.67940575028946
221,HSR Layout,Bengaluru,2022,3,50.65997184663325,48.789226205674694,58.81505290353655,50.337517137918425,66.5612649075166,58.815196719636816,38.28247608276576
221,HSR Layout,Bengaluru,2023,3,49.44379090177385,55.27000518802719,40.471131092339526,55.54617507686715,63.44910028917533,45.22679759085687,63.011593252643564
221,HSR Layout,Bengaluru,2024,3,42.68753501904109,43.43915778007138,44.961309152710385,45.59053668505916,23.36630019165975,51.8948705114837,29.02517780106541
223,Mangammanapalya,Bengaluru,2021,3,50.4881309725222,51.82529963840409,63.45613749015136,53.80707429413148,63.39442971173929,40.7537550416938,51.74858992691398
223,Mangammanapalya,Bengaluru,2022,3,55.33766523946956,46.781928946173316,60.87072607154878,55.40207353664225,65.94361923392012,55.043477920703864,44.81911432626252
223,Mangammanapalya,Bengaluru,2023,3,52.07184941831329,59.51974068540959,55.465336590390535,45.21592708945238,70.56537171756156,52.439158685019706,39.25880297446294
223,Mangammanapalya,Bengaluru,2024,3,52.879974867389734,58.95384390493578,62.41463707437545,62.45892198448297,52.95475610836988,51.979112461944474,60.48424303078416
211,Begur,Bengaluru,2021,3,45.575463593757746,46.500415596374765,33.25965727806936,43.93514530389602,59.70685553644582,52.69853603365095,33.55259354134817
211,Begur,Bengaluru,2022,3,42.73326322584586,50.22858447692573,31.60034077805083,47.133199278394784,26.779888010369987,45.19602030080237,38.415282199420204
211,Begur,Bengaluru,2023,3,42.443212944080145,45.22724953187934,34.513688981356694,46.71641860632322,57.39033432651009,34.97924892661535,53.44108360194525
211,Begur,Bengaluru,2024,3,41.377413364496746,39.92825047169099,31.20322216904968,45.38437114182814,51.73213874121473,33.49334376995272,41.561608945336076
178,Suddagunte Palya,Bengaluru,2021,3,85.97284323804529,86.24320057288068,99.4812199463875,86.68662264716588,81.74046302204161,92.9369058091032,85.76232455178796
178,Suddagunte Palya,Bengaluru,2022,3,81.5143377166336,88.45003775402851,91.47258396727517,79.58473756543783,74.8463321114546,81.3528981974162,83.69751300874688
178,Suddagunte Palya,Bengaluru,2023,3,84.55076366969122,84.28041898433968,79.57213012229,76.68718352897103,74.10457008583549,93.5363871048109,78.70375427427702
178,Suddagunte Palya,Bengaluru,2024,3,81.21794073908525,77.35969560629022,67.27271824722108,77.68084508467359,82.982285696664,82.25218817948459,76.9147083743919
210,Kalena Agrahara,Bengaluru,2021,3,84.13545008449182,81.68241962909805,76.88225448229132,79.00479096582703,82.44603459265718,89.3258530588307,75.31509561014602
210,Kalena Agrahara,Bengaluru,2022,3,74.69176913563832,73.07042869531725,82.96772109172193,71.46642825112696,77.2412531934543,68.79135379215654,81.9516308694235
210,Kalena Agrahara,Bengaluru,2023,3,83.00569735089915,76.96962507933252,94.23763830214908,80.0562821769095,91.91304032987861,79.39020330662292,95.18304748793858
210,Kalena Agrahara,Bengaluru,2024,3,76.26546879487015,76.12607129804618,63.72362196601453,70.18507248890538,94.01612408335072,85.7952620178279,72.55324867478281
181,BTM Layout,Bengaluru,2021,3,52.05562000391632,47.45046932139166,58.12758163633428,55.23365613541346,71.62063276826565,47.356565752101986,57.217405083768384
181,BTM Layout,Bengaluru,2022,3,47.7438336341492,37.82220113317106,62.72765406593939,53.789307577098754,59.21275422349083,47.938355139912794,41.7458461213124
181,BTM Layout,Bengaluru,2023,3,49.45412063564664,46.97354507422942,57.14342354505546,50.24735641370969,32.553465697865946,39.81470081482488,37.52408602166854
181,BTM Layout,Bengaluru,2024,3,55.93930241767219,58.68735204185662,64.99407941393764,55.26679430776316,50.4059457454739,48.10730987200464,67.21729308325834
180,Someswara Temple Ward,Bengaluru,2021,3,66.3804630475153,66.62567432504052,66.00170728515265,68.88229410124588,84.22793880716576,67.9758918827649,67.58698105087386
180,Someswara Temple Ward,Bengaluru,2022,3,65.3283568317183,59.07529265825407,51.30247998247074,70.19541474311855,74.26156899147682,58.04948152035115,75.41072385557672
180,Someswara Temple Ward,Bengaluru,2023,3,67.71103794151163,62.69057592473894,63.88025089870307,62.804313259310874,67.26907499904972,65.85919556860534,82.30812266489143
180,Someswara Temple Ward,Bengaluru,2024,3,66.12109583541157,57.17761371358362,69.89633168488284,57.21128138368596,79.5786853304565,66.35986844905013,66.93132457285758
179,Madivala,Bengaluru,2021,3,73.48313607211682,67.43694213440656,68.04765575830696,75.35306438855385,61.8878471097254,65.80977061478205,87.58664266466978
179,Madivala,Bengaluru,2022,3,79.80197306241493,85.56267605391537,73.71839647776781,72.5145053825612,65.62711893063187,83.75060540715879,84.08617079500014
179,Madivala,Bengaluru,2023,3,81.14981073304575,84.9883579983776,70.82535682958905,76.01866306835397,94.83755996797034,75.33593224972992,68.3254802416802
179,Madivala,Bengaluru,2024,3,75.80026256395612,84.2010636148742,80.30791469676598,67.60864211978934,93.71452525410255,70.97140783676105,70.9166372761447
185,J P Nagar,Bengaluru,2021,3,60.49627948601894,60.42658793063104,49.19583421827771,58.515686019785974,54.52467100570232,65.95308115454901,69.59139483500087
185,J P Nagar,Bengaluru,2022,3,63.64954839576807,61.116611616404704,53.19186171385063,69.61861849679188,71.938681529185,57.457184121708764,59.65120565358204
185,J P Nagar,Bengaluru,2023,3,66.26610249290624,58.693540983878634,80.84412755165377,71.87974398666348,61.87564447626605,67.83738113849333,78.6063569793985
185,J P Nagar,Bengaluru,2024,3,61.72902138595536,59.30308849757855,72.02336733684773,64.61328170574772,67.75799675930737,69.06545109972515,73.5482131098305
135,Dr. Raj Kumar Agrahara Dasarahalli,Bengaluru,2021,3,59.78276795855185,60.66528799781387,66.99805359510141,64.92130486109212,64.051416037352,53.11851466222534,68.70538457680178
135,Dr. Raj Kumar Agrahara Dasarahalli,Bengaluru,2022,3,59.695633741510655,58.97183023499818,49.91495572716477,56.44517465577009,40.418877429738075,57.702231109725815,61.191941376196965
135,Dr. Raj Kumar Agrahara Dasarahalli,Bengaluru,2023,3,65.46917947730739,72.19500573935659,56.93306669557929,57.878815926076754,79.53066635322442,58.60143577516039,79.71198191739325
135,Dr. Raj Kumar Agrahara Dasarahalli,Bengaluru,2024,3,63.843042084916284,73.47147058335679,51.76434395815641,59.90435730841832,69.37201868654074,60.84317945437986,76.69421864434004
137,Marenahalli,Bengaluru,2021,3,51.37747141112997,53.19479675903226,55.95931512444669,46.49079587776626,45.960128511924545,58.25108200442952,42.22575448023476
137,Marenahalli,Bengaluru,2022,3,51.50990731954775,56.75365754342939,57.918128307451894,45.66013722724533,54.26241677690267,58.8643703756496,49.473394423605626
137,Marenahalli,Bengaluru,2023,3,50.4055040915375,43.26121682489519,47.0885444938677,59.43955221934824,43.194338065131674,57.76746728887876,61.8430245419942
137,Marenahalli,Bengaluru,2024,3,46.71592967102664,51.20708785420301,41.06129864144623,52.37440195617809,44.42212360144397,46.421264517879074,55.05321187348275
196,Gavi Gangadhareshwara,Bengaluru,2021,3,43.62089800449461,41.14470737988705,39.64111346281301,44.1398295425238,55.97287578454064,40.85626424294593,44.34853962062671
196,Gavi Gangadhareshwara,Bengaluru,2022,3,41.88401901430202,37.43447511234987,54.886412825005664,46.35471048092379,44.97148606323437,44.83842010271426,27.76300230740457
196,Gavi Gangadhareshwara,Bengaluru,2023,3,44.284713283507486,45.1997068790962,40.067428088431996,35.914191237766325,32.01828262798958,53.29960754776092,41.5457001516355
196,Gavi Gangadhareshwara,Bengaluru,2024,3,39.71672244979986,30.468047040679473,46.23216586120259,40.47861573222208,40.06496181845053,34.57921305825323,47.05924439869753
140,Maruthi Mandir ward,Bengaluru,2021,3,77.2740565445099,76.48829997147541,70.86245240786813,72.22331616917283,83.08356232664318,80.29349144888079,87.00956863850777
140,Maruthi Mandir ward,Bengaluru,2022,3,76.10556001816121,71.57888771659037,90.50572391406573,78.03073152281526,84.49504341020202,66.25271661066951,76.65173198363684
140,Maruthi Mandir ward,Bengaluru,2023,3,81.06701122881418,89.48242822153568,95.11958514382641,81.87806473659266,79.39520343890283,89.96735311378406,86.27530618871504
140,Maruthi Mandir ward,Bengaluru,2024,3,80.03196488457468,74.83686525386075,79.12609452803513,79.1412763247019,83.31775699716437,77.1673746915597,69.96007836825251
142,Chandralayout,Bengaluru,2021,3,83.8208414158075,87.10108597715954,78.97187739356397,92.53130187098463,100.0,78.00780940348947,70.00336896941837
142,Chandralayout,Bengaluru,2022,3,83.7949151858414,93.1522065048685,95.49000700849072,85.8056105499697,84.99700875433663,74.35173621109313,76.19460859118473
142,Chandralayout,Bengaluru,2023,3,81.80385157318555,82.94888823955377,89.08293126363627,77.39919019092638,84.40195587928449,73.5666964410014,79.21381728068177
142,Chandralayout,Bengaluru,2024,3,82.45282110664031,92.2656758500839,75.789554886273,82.4166070901199,75.63403765760019,81.26488338782382,93.16132500272195
143,Nayandahalli,Bengaluru,2021,3,72.31397749077287,66.3841996574106,83.51481102601602,63.50922297434056,87.85794870825896,68.89545307998743,66.75160649319487
143,Nayandahalli,Bengaluru,2022,3,72.89646745452937,63.852094748157484,68.46339670665174,80.02790722819609,68.73864655194804,66.87960540647072,70.64029289447173
143,Nayandahalli,Bengaluru,2023,3,72.6437275919641,77.88241510682603,72.79719426428429,82.41113892639552,71.25482884300102,63.8084842083696,65.51195724641364
143,Nayandahalli,Bengaluru,2024,3,65.05859181875826,74.00989434523912,73.06405875329145,60.42433582731371,68.6907731594749,69.4875749609497,78.29695968596221
134,Kamakshipalya,Bengaluru,2021,3,55.40826285857367,60.901315254434024,57.27260547340122,56.462340659484475,39.99794119210135,47.93101601889671,56.29427130924739
134,Kamakshipalya,Bengaluru,2022,3,50.46670962179622,54.92349369980047,36.44130752250117,52.37224644387731,52.03446138688879,59.84300343335231,49.99310380222547
134,Kamakshipalya,Bengaluru,2023,3,55.77322027525615,62.59514368757818,70.67869880369935,54.3800837490376,48.58516997512585,63.90628621429613,46.51048414753979
134,Kamakshipalya,Bengaluru,2024,3,54.313484839001006,45.13513213811211,49.73213906817194,49.618055289054496,61.75713099674048,63.28929479283937,47.35490046036014
198,Dodda Ganapati,Bengaluru,2021,3,51.26802902695383,52.0304492277501,38.38453093825067,59.94868884956662,61.92208024924944,54.42702725104568,60.98492047569376
198,Dodda Ganapati,Bengaluru,2022,3,60.40387482931265,64.68303378660808,73.14363311678005,60.74651266952541,45.086451348587154,60.96742925777299,49.21005967120545
198,Dodda Ganapati,Bengaluru,2023,3,55.539361462846365,57.990869419502,40.840770894491314,49.43617129595365,55.1925787393316,64.54943269462906,52.04763267350112
198,Dodda Ganapati,Bengaluru,2024,3,57.86139174763596,59.93724689335832,51.82917625058596,56.07771965898452,46.56938370192526,67.18182093024014,46.78042319435676
199,Vidyapeeta ward,Bengaluru,2021,3,67.92639527136087,62.3619851100318,76.34052942276551,61.94989991713847,51.1289313725195,67.41545886825133,53.22547231339643
199,Vidyapeeta ward,Bengaluru,2022,3,75.74426424479051,81.17373114198264,88.1984288569374,82.83457296300551,83.07128677438324,66.79092139080377,84.22972278439025
199,Vidyapeeta ward,Bengaluru,2023,3,75.65882700688032,75.82840771304083,67.64588216636477,82.56542652065485,84.74533939648586,85.27405049465735,65.32960493955831
199,Vidyapeeta ward,Bengaluru,2024,3,69.7859870479758,75.63678240040252,60.39320594147934,61.11918364444192,89.72841931140094,60.28233127687878,79.84330885274176
200,Swamy Vivekananda,Bengaluru,2021,3,83.78611629544412,84.87852611966701,95.83505318003492,92.30997602373665,64.15004354667516,75.29435981529988,76.29687818256978
200,Swamy Vivekananda,Bengaluru,2022,3,84.25268366298101,83.45152268886027,87.46187715120898,78.02268071889223,96.45135701824843,93.59924589005041,77.31065165041893
200,Swamy Vivekananda,Bengaluru,2023,3,76.2311228029297,77.41385593218908,76.31462605833012,69.11985248603125,73.91377132765271,72.91321584466097,76.88604906208539
200,Swamy Vivekananda,Bengaluru,2024,3,75.45491748393806,80.67503714292917,81.84534623979029,72.7806452080685,57.57235490669079,80.55356827963907,89.11017229828204
201,Katriguppe,Bengaluru,2021,3,78.15413522930066,71.83039301893696,80.46221892964586,71.25096312224976,72.40189296775584,82.09439550798592,79.95761471958112
201,Katriguppe,Bengaluru,2022,3,79.1213851100057,80.3636027624703,64.29732694662054,70.69158247907791,94.37170782052617,70.67896489183153,85.32549299632086
201,Katriguppe,Bengaluru,2023,3,77.62572513494759,75.03555387613787,79.69336731028908,85.25990452771927,95.30194862536439,82.41699009717294,65.22431796058841
201,Katriguppe,Bengaluru,2024,3,79.02192631065691,78.43594630047814,65.49637802101222,72.84316909758407,90.64247061200282,78.1011029716141,73.07179355959137
197,Srinagar,Bengaluru,2021,3,78.63839469684987,83.618375044949,71.80785661228235,70.98843150109734,68.71832356261274,87.05352371794454,81.08605983234253
197,Srinagar,Bengaluru,2022,3,76.05833556051769,73.378900875448,85.27154617010308,76.52406054652269,60.72825167126951,68.63963805709895,77.16410995559625
197,Srinagar,Bengaluru,2023,3,73.17792078035507,80.56874415753943,81.10078837772144,68.1341696384932,54.63155071300476,65.21486608320272,80.03273879577827
197,Srinagar,Bengaluru,2024,3,73.80710876864701,73.84109208877551,80.5711538221519,66.07173323382952,70.06176497974548,73.50856695150092,75.0319206877932
186,Shakambari Nagar,Bengaluru,2021,3,65.60820602737512,71.76483506390757,71.39455885827468,66.7256223113543,73.58932084347799,63.848560806408244,54.760133606418854
186,Shakambari Nagar,Bengaluru,2022,3,69.13814714379917,71.92564315465468,64.27811057465388,77.27547869059589,72.63294188682225,60.84619682961665,67.63226686493203
186,Shakambari Nagar,Bengaluru,2023,3,71.83276969426568,71.72471074954086,83.67519681920471,67.18613843815163,68.25671758379634,79.80470790564507,83.72047118841304
186,Shakambari Nagar,Bengaluru,2024,3,72.48122954816516,64.25669488728981,83.43107883439845,68.8936276791697,59.61449004529381,67.26862627500608,70.02028478858178
183,Gurappanapalya,Bengaluru,2021,3,41.99197428494219,34.69154400637503,35.877277251712144,43.437650575782214,39.66612260858474,38.92634950966041,49.385538150655606
183,Gurappanapalya,Bengaluru,2022,3,46.35419065380117,42.99420469615475,53.687455688927784,39.39379430328219,31.566910177452804,43.26673139452435,55.585261725122876
183,Gurappanapalya,Bengaluru,2023,3,39.418832513763995,32.053023217891095,50.1811815696514,42.09449820870975,29.546879048563063,40.52474902032762,40.24622118652451
183,Gurappanapalya,Bengaluru,2024,3,41.11817396899336,48.40623371288132,35.399230831393744,45.0008070485181,21.763159823881956,38.571316566876305,36.669468507757614
182,Byrasandra,Bengaluru,2021,3,43.00065475202958,48.80328222655175,34.53407880505664,46.54141104966979,55.12913968179331,44.238193876859846,50.22715095368915
182,Byrasandra,Bengaluru,2022,3,45.82859010577769,52.005760886448996,39.66963120234353,47.25284846080804,55.64449967143928,43.40770830202784,39.91161833430044
182,Byrasandra,Bengaluru,2023,3,50.45292707774915,59.05136234066245,51.805429463545856,53.68225118422219,66.58387196730573,42.423864106008,42.4152844137341
182,Byrasandra,Bengaluru,2024,3,50.51073675338061,57.651317319992174,47.96395205902859,42.29753479921795,48.02199584536541,45.12542855752169,44.24663040327934
131,Shivanagara,Bengaluru,2021,3,76.19020934397744,82.74183369359149,74.02028191870252,78.11148796598934,59.776298593404604,72.93739091112303,63.881236914422814
131,Shivanagara,Bengaluru,2022,3,83.50755497698107,82.70021006411028,75.2156314266912,92.1766570819781,77.29141880605994,76.72724361072856,85.40248663059971
131,Shivanagara,Bengaluru,2023,3,75.47324138872179,70.23573825380177,88.62667060103402,68.89496072586503,60.002979454314584,76.87698570471788,86.32855608756668
131,Shivanagara,Bengaluru,2024,3,85.38058105056382,88.96401504132368,72.60282826687725,95.23722368420333,81.69635052177144,81.12863172747348,87.11695655790038
132,Rajaji Nagar,Bengaluru,2021,3,63.15388275588307,53.1824496174666,61.641383343490936,69.89115120041491,66.04649018108613,73.13802873475188,56.759282125299066
132,Rajaji Nagar,Bengaluru,2022,3,63.88680228702099,57.1680740523277,57.442400167322425,69.74360319249153,80.1170739124789,73.38854568117462,55.85549190991457
132,Rajaji Nagar,Bengaluru,2023,3,65.57185857745492,57.82866946779261,76.67260634305988,68.29397127032729,52.16109442069739,64.16848372771497,59.18958942376695
132,Rajaji Nagar,Bengaluru,2024,3,66.82346999092422,76.60906889305193,53.465819458712076,63.92377531364916,66.09947667532332,66.88614108589061,61.30154466249333
130,Sriramamandir,Bengaluru,2021,3,44.161338057638076,52.93572409719533,53.31413936162386,51.17294200377006,46.1831500824379,50.679102586174366,38.266455332076646
130,Sriramamandir,Bengaluru,2022,3,38.582997460933775,37.930744169892286,32.15038594809287,47.81522630602271,31.0967825811605,30.54388822315257,39.38751244244618
130,Sriramamandir,Bengaluru,2023,3,36.51929898583413,30.90708676975906,35.449806482298385,35.18431763201469,48.50697346594578,41.3087920635164,34.308847805555175
130,Sriramamandir,Bengaluru,2024,3,38.57855516336332,44.0584569092435,25.140727350001413,28.834988153575438,50.40033084042924,38.12148268314431,27.504989319970598
133,Basaveshwara Nagar,Bengaluru,2021,3,48.89125895994527,56.08131847244323,55.184810466664445,48.5357635666918,49.704204007600694,58.39614966562444,62.86437227647389
133,Basaveshwara Nagar,Bengaluru,2022,3,47.677265092024626,41.622118415364966,39.08338942854317,51.19912577531616,43.877309035526565,56.30815323415503,35.34755713890489
133,Basaveshwara Nagar,Bengaluru,2023,3,48.751434733402654,56.83370794299276,38.44731113587489,46.084188735331786,53.5162907352705,41.939332428830696,62.792099894774815
133,Basaveshwara Nagar,Bengaluru,2024,3,41.23572121931613,33.65883044453584,28.79797570356409,49.424594500048755,28.980673611134563,39.56141979020323,39.70126218887622
190,Devagiri Temple Ward,Bengaluru,2021,3,65.57493304733676,60.11010539534708,78.51964465490454,73.74313519270814,76.82655894356444,55.962957959701065,60.38513610221982
190,Devagiri Temple Ward,Bengaluru,2022,3,67.60948172759727,75.80121562867282,71.62616558257052,59.04761607392618,83.9697052810254,76.76481489112172,54.94085427934903
190,Devagiri Temple Ward,Bengaluru,2023,3,67.89122243200421,65.74800396163226,58.280758970664465,69.45266447225247,86.21039656195984,67.9526744374364,55.37865987383864
190,Devagiri Temple Ward,Bengaluru,2024,3,68.25980955437508,75.37831334620104,66.30015400386918,62.116601733219994,55.90403446202088,73.63509316879829,61.22743750359588
205,Yelchenahalli,Bengaluru,2021,3,37.286644380745834,33.720371754772025,36.25125355393681,46.15056137461485,54.555901370898816,31.42408188919159,33.033215618038014
205,Yelchenahalli,Bengaluru,2022,3,40.32762206621481,39.53927308010814,52.35042693973678,48.92772962203626,35.670317706506495,40.162380926594594,52.214709540598804
205,Yelchenahalli,Bengaluru,2023,3,35.26433438652633,31.66552567019798,32.9175616446101,29.858660060190964,23.24719902236388,26.02002451843992,39.565426138619145
205,Yelchenahalli,Bengaluru,2024,3,35.75124305739297,30.370829267954242,44.808661642476764,42.7810266903239,35.073892865125075,34.072656465566695,50.08685386244642
98,Hudi,Bengaluru,2021,3,44.38995514233352,40.22729868306151,34.572674690766135,41.97726710641725,60.82332422192367,46.696911954905005,41.748351600701426
98,Hudi,Bengaluru,2022,3,42.721004638545665,36.92652819658289,44.69766279159843,45.03205710240925,24.30330490105019,40.78177979668831,47.19562358347184
98,Hudi,Bengaluru,2023,3,48.61776133895013,45.02902582616862,36.42336504688742,47.160010267336816,33.767938833672346,57.57023450936347,47.87288731962898
98,Hudi,Bengaluru,2024,3,49.899403024976436,49.85837487662171,44.20042374534994,56.13875787279247,64.5854890650213,53.35956635074997,36.30833569720646
95,Vijnana Nagar,Bengaluru,2021,3,67.3259696414692,60.056029883140845,59.186092183007304,74.97587174283193,48.13083851559216,72.38051239798872,66.53916841690189
95,Vijnana Nagar,Bengaluru,2022,3,59.76398584644525,66.15195046577512,55.55873286554225,60.57929847245611,66.85601329987162,63.816577375203565,73.44338761122742
95,Vijnana Nagar,Bengaluru,2023,3,63.69021603124065,72.7642885610748,67.95352308200628,59.653223156771766,48.7487858473835,70.54130606054429,59.5556641150652
95,Vijnana Nagar,Bengaluru,2024,3,64.40118471515537,58.37978031105614,67.45178297376933,55.61484609416901,60.93488311000306,65.33348350842878,62.48259393871274
103,White Field,Bengaluru,2021,3,74.41453344162431,79.83939492228788,60.57892187597838,68.29710885054376,75.87883381217529,83.11097425050033,84.46323669318782
103,White Field,Bengaluru,2022,3,69.16736583376793,67.75632377534198,68.28854425324606,62.31479750076614,50.41009104354619,78.10542382297827,61.38874340367313
103,White Field,Bengaluru,2023,3,66.96907443385878,75.53922947273435,69.36118788205194,70.30981157636586,83.43214992438088,63.88147781187457,70.6142937680013
103,White Field,Bengaluru,2024,3,68.00300917848249,74.62792528028133,76.00605986863256,65.01586300762543,63.07543428945098,68.67409784955407,53.01023931903652
111,Kaggadasanapura,Bengaluru,2021,3,66.42057476369916,61.43023369869444,75.5977500397024,62.014051894628025,54.08142764570509,66.5058439795598,77.38992585488113
111,Kaggadasanapura,Bengaluru,2022,3,65.12361910554502,62.25171382253831,72.55317384249435,66.13742999944091,77.79535388851892,74.31546205772969,73.90349340809352
111,Kaggadasanapura,Bengaluru,2023,3,69.27167255814084,60.07305428510617,83.80133192256207,66.94129500964169,55.36080111481551,72.60584966606997,62.80032123100462
111,Kaggadasanapura,Bengaluru,2024,3,70.20593575606294,69.12053217412033,80.28949422241422,65.5052769871718,68.15123942077231,70.95977832788238,75.11467737908194
102,AECS Layout,Bengaluru,2021,3,49.040191754507745,51.96113063643966,38.55852034656332,57.693153765357316,44.362544011347886,53.63062019403651,34.65042421097307
102,AECS Layout,Bengaluru,2022,3,49.96294436896097,57.5279937236079,50.78059886748128,58.56035401483855,49.31482023227282,49.77192630367997,38.555348023976926
102,AECS Layout,Bengaluru,2023,3,47.561773050395814,55.55402283784211,59.8864996603077,56.42797528787881,48.370992614519416,51.1036487460687,55.91724945224572
102,AECS Layout,Bengaluru,2024,3,51.10169087570016,41.78764890176639,51.02867337736193,44.1985445081047,38.418607914183546,48.402642209552184,49.074805877195246
112,New Tippasandara,Bengaluru,2021,3,67.79234914502428,67.86618436977317,58.271103052617306,69.27185264565911,73.28853363547162,68.92653427608136,74.9412144593735
112,New Tippasandara,Bengaluru,2022,3,74.69913087697043,73.3544725111343,74.22466582664833,77.66117342219187,55.43346623693939,77.7790153053754,78.25668534913389
112,New Tippasandara,Bengaluru,2023,3,67.90600780963402,59.72471680789484,80.60272021919087,71.69159423415076,52.990112360463634,65.04047119581215,70.68049762668191
112,New Tippasandara,Bengaluru,2024,3,67.4846742477692,62.21733687716939,79.1771439566306,57.667985251445536,55.540638359524706,76.66515776722852,70.88672964343434
107,Bellanduru,Bengaluru,2021,3,46.34611988131448,36.90994669025892,38.688472270422295,53.97583627309269,42.98266605321486,50.752787264634335,58.89467094271321
107,Bellanduru,Bengaluru,2022,3,47.58898264772997,47.93134126486836,59.8314932595256,53.67647093048399,30.222176382256123,51.4404386492816,49.74590832149858
107,Bellanduru,Bengaluru,2023,3,46.901023105858975,47.58174536995211,58.28490391121575,45.101498840693836,46.180819815173656,38.31023665919814,40.2453323193263
107,Bellanduru,Bengaluru,2024,3,55.12743342480487,50.78078063562805,53.95349548289443,58.553521896090466,41.61476832111997,54.85628116764236,62.2836046090821
104,Varthuru,Bengaluru,2021,3,55.905579163791316,59.28664947013027,44.69408334132839,64.82110910871826,41.208542263170614,61.399037907427285,48.85006881714088
104,Varthuru,Bengaluru,2022,3,56.842581810861844,61.91885607042922,48.41435700265834,55.70338134356506,61.555109594433304,62.24205417499386,44.96136308823353
104,Varthuru,Bengaluru,2023,3,58.54519312271261,53.9521649326243,68.22800041368257,58.911671583509076,57.01745238519336,54.83387523894072,60.97425072166038
104,Varthuru,Bengaluru,2024,3,53.752315466794634,56.33669932696048,59.731703101453746,57.974751807100354,35.83095939204185,60.94727158049597,52.499914909746074
138,Kaveripura,Bengaluru,2021,3,71.00975830510791,70.67004056198692,82.61470448917669,68.57670993876084,80.99878817644964,62.94613292485228,70.29145936963977
138,Kaveripura,Bengaluru,2022,3,76.29649125823445,70.50706102704672,76.33973546917177,70.96898653120579,72.67892834873483,81.89817173293375,84.43323571694657
138,Kaveripura,Bengaluru,2023,3,77.81434641185969,79.66571006715623,74.21207514072012,77.8530580274769,82.01719654936943,79.01215704877539,77.40649747794504
138,Kaveripura,Bengaluru,2024,3,70.35623233458995,76.61089042068353,71.6090419328204,62.97782956868401,81.00251639790106,79.00511190213696,83.77543931169882
106,Marathahalli,Bengaluru,2021,3,65.58864919273219,65.9566417253935,53.96692607320881,74.26839756298453,52.93183428693803,60.64396639175547,62.7877449992813
106,Marathahalli,Bengaluru,2022,3,72.18010938110355,71.3064457921228,62.30315718120366,67.52430729082504,72.54464478860443,65.12918772962625,75.52977965048397
106,Marathahalli,Bengaluru,2023,3,71.38050362094724,80.1345959285346,83.7481404539819,80.30201598232387,61.169127501895275,64.01180975373433,65.44880463584069
106,Marathahalli,Bengaluru,2024,3,73.95401520335955,81.14051422476906,62.254546837185856,82.9025751645554,70.88833629739099,64.14022101860662,72.22582742580535
188,Yediyur,Bengaluru,2021,3,78.65383268384917,75.4249132325902,77.85688069167064,80.91723989871151,93.40587651656199,81.89186421328775,76.6752987381946
188,Yediyur,Bengaluru,2022,3,82.27087484796932,74.66607417661326,83.22886417455307,77.96111404281821,64.15332276304721,85.64180875024903,93.1539981717461
188,Yediyur,Bengaluru,2023,3,81.33919004847701,88.40710471921584,93.76940332847151,76.64489183019805,97.49731265607258,77.75244514320565,82.90933045214209
188,Yediyur,Bengaluru,2024,3,73.65386435592544,78.06132861056949,71.98826369525916,68.77971186330979,61.270404196921845,77.0529341731098,58.665910676685634
105,Munekollal,Bengaluru,2021,3,65.38507621481475,59.214868512977134,61.97216807378743,65.08225100913681,59.58488084737242,61.799319514500624,79.30255657701039
105,Munekollal,Bengaluru,2022,3,64.82690970718934,63.43042787607561,76.07717069950846,60.8560334354027,48.609163498164875,69.9946051389877,68.00732466527178
105,Munekollal,Bengaluru,2023,3,65.12834574958954,57.93832594549989,68.80482763598296,59.28482257876626,65.29114893952652,66.02597947017742,58.633561457717725
105,Munekollal,Bengaluru,2024,3,73.01722122187121,77.46469137452718,60.35703721415348,65.1398216080516,72.72847505646943,66.23148820569092,87.36518512775544
189,Ganesh Mandir ward,Bengaluru,2021,3,65.44856550473597,62.730986641566076,69.6301581483589,58.02929368252447,62.6612226264316,60.942666160878844,77.08111124488661
189,Ganesh Mandir ward,Bengaluru,2022,3,69.71116209016083,76.37104486122084,63.63828358338529,75.49697518370292,50.959704503710725,79.0484730960287,70.5090103678545
189,Ganesh Mandir ward,Bengaluru,2023,3,64.199719276043,55.52782634525295,78.88020469730418,54.985558179056845,70.39600420195737,63.05443783017216,77.66720582170444
189,Ganesh Mandir ward,Bengaluru,2024,3,65.89475538947634,65.54187956113141,71.98074871097938,57.254960028524756,53.64632059041054,60.18605179133334,73.03927803472703
191,Banashankari Temple ward,Bengaluru,2021,3,44.950282191173926,39.255158601193,55.79903069369328,53.793991280966694,45.69000118886355,41.99645987535749,36.9720154416989
191,Banashankari Temple ward,Bengaluru,2022,3,41.90036531423912,44.985080913145474,42.90887325351544,50.78119087985766,37.75145581390714,45.77763216080701,41.58004773849276
191,Banashankari Temple ward,Bengaluru,2023,3,41.893107698305336,40.99212323514533,41.01665760868656,46.025958133284014,59.51870766574989,38.47953324795542,28.159121755744287
191,Banashankari Temple ward,Bengaluru,2024,3,44.65997787375585,38.028788896394154,52.47391606203785,54.35856004258568,62.490966554094285,38.602098650228896,55.92087507077867
192,Kumaraswamy Layout,Bengaluru,2021,3,56.08567677574362,56.8978966622382,66.57368202521737,55.688375568511084,51.0139715399487,55.95062663626334,58.4595708967951
192,Kumaraswamy Layout,Bengaluru,2022,3,60.55628844034442,64.0400274169367,64.55435596046908,52.54621296395718,64.72324596724809,52.97550168511427,47.91721869620639
192,Kumaraswamy Layout,Bengaluru,2023,3,55.57506647813946,57.351271881263926,43.25173151985662,54.194727735084626,42.56653507994578,65.31706819662179,57.409572851194696
192,Kumaraswamy Layout,Bengaluru,2024,3,54.80139394450059,46.69617224008747,69.07751982800669,50.52657465216426,51.75372135144356,57.79867237855209,40.54231287508393
193,Padmanabha Nagar,Bengaluru,2021,3,52.299888445963845,47.864232187340285,39.14812800473792,45.54985675545267,68.10124280010132,56.020372924681666,44.79694009507054
193,Padmanabha Nagar,Bengaluru,2022,3,53.840259669544004,55.28841418889931,50.97584540329105,51.11248865334528,42.512830706708336,57.23248480029436,67.96030050336012
193,Padmanabha Nagar,Bengaluru,2023,3,52.905272745832676,51.3889738607522,51.305934398172624,47.98821834838896,65.91066777228943,52.6103848287775,54.207448311780595
193,Padmanabha Nagar,Bengaluru,2024,3,48.75219120234714,40.47039896640355,55.175765430094614,42.676876836104256,56.35520536989905,46.55972012328622,46.22543523203669
